USE sportmaster;

INSERT INTO users
(fisrt_name, second_name, surname, gender, birthday_at, phone, email)
VALUES
	('Иван', 'Алексеевич', 'Горуцкий', 'М', '1991-09-25', 9131001311, 'example_1@mail.ru'),
	('Сергей', 'Николаевич', 'Иванов', 'М', '1978-12-13', 9331064306, 'example_2@mail.ru'),
	('Матвей', 'Сафронович', 'Чапаев', 'М', '1998-04-28', 9771654322, 'example_3@mail.ru'),
	('Олеся', 'Владимировна', 'Петрешко', 'Ж', '1988-06-11', 9393559654, 'example_4@mail.ru'),
	('Валерия', 'Ивановна', 'Зиборова', 'Ж', '1999-11-11', 9343259654, 'example_5@mail.ru'),
	('Татьяна', 'Владимировна', 'Забарь', 'Ж', '1976-09-21', 9393511234, 'example_6@mail.ru'),
	('Ольга', 'Владимировна', 'Петрешко', 'Ж', '1997-01-01', 9390098654, 'example_7@mail.ru'),
	('Алексей', 'Иванович', 'Груздь', 'М', '1966-10-13', 9321559631, 'example_8@mail.ru'),
	('Потап', 'Рудольфович', 'Зеленко', 'М', '2000-01-11', 9814620011, 'example_9@mail.ru'),
	('Маргарита', 'Эдуардовна', 'Полежаева', 'Ж', '1971-02-04', 9393559654, 'example_10@mail.ru');
 


INSERT INTO catalogs
(name)
VALUES
	('Кроссовки мужские'),
	('Кроссовки женские'),
	('Одежба мужская'),
	('Одежда женская'),
	('Футболки мужские'),
	('Футболки женские'),
	('Кофты мужские'),
	('Кофты женские'),
	('Рубашки мужские'),
	('Рубашки женские');

INSERT INTO products
(name, company, model, season , price, size_at, color_at, total, gender, catalog_id)
VALUES
	('Кроссовки', 'adidas', 'модель 1', 'Зима', 13000.00, 41, 'blue', 15, 'M', 1),
	('Кроссовки', 'adidas', 'модель 2', 'Зима', 4000.00, 45, 'red', 8, 'M', 1),
	('Кроссовки', 'adidas', 'модель 2', 'Зима', 4000.00, 41, 'red', 8, 'M', 1),
	('Кроссовки', 'Nike', 'модель 1', 'Лето', 7000.00, 38, 'white', 7, 'Ж', 2),
	('Кроссовки', 'Nike', 'модель 1', 'Лето', 7000.00, 36, 'white', 7, 'Ж', 2),
	('Кроссовки', 'Nike', 'модель 1', 'Лето', 7000.00, 39, 'white', 7, 'Ж', 2),
	('Кроссовки', 'Rebook', 'модель 1', 'Лето', 4000.00, 45, 'red', 12, 'M', 1),
	('Спортивный костюм', 'Rebook', 'модель 1', 'Лето', 13020.00, 48, 'red', 12, 'M', 3),
	('Спортивный костюм', 'Rebook', 'модель 1', 'Лето', 13020.00, 56, 'red', 12, 'M', 3),
	('Спортивный костюм', 'Rebook', 'модель 1', 'Лето', 13020.00, 46, 'red', 12, 'M', 3),
	('Кроссовки', 'Rebook', 'модель 1', 'Лето', 4400.00, 42, 'red', 12, 'M', 1),
	('Свиттер', 'СССР', 'модель 1', 'Лето', 1400.00, 48, 'red', 2, 'M', NULL),
	('Кроссовки', 'СССР', 'модель 1', 'Лето', 3400.00, 41, 'red', 1, 'Ж', NULL);

INSERT INTO album_images
(name, company, model)
VALUES
	('Кроссовки', 'adidas', 'модель 1'),
	('Кроссовки', 'adidas', 'модель 2'),
	('Кроссовки', 'adidas', 'модель 2'),
	('Кроссовки', 'Nike', 'модель 1'),
	('Кроссовки', 'Nike', 'модель 1'),
	('Кроссовки', 'Nike', 'модель 1'),
	('Кроссовки', 'Rebook', 'модель 1'),
	('Спортивный костюм', 'Rebook', 'модель 1'),
	('Спортивный костюм', 'Rebook', 'модель 1'),
	('Спортивный костюм', 'Rebook', 'модель 1'),
	('Кроссовки', 'Rebook', 'модель 1');


INSERT INTO images
(file_name, path_image, album_id)
VALUES
	('blue_k_1_1.png', '/images/adidas', 1),
	('blue_k_1_2.png', '/images/adidas', 1),
	('red_k_1_1.png', '/images/adidas', 2),
	('red_k_1_2.png', '/images/adidas', 2),
	('red_k_2_1.png', '/images/adidas', 3),
	('red_k_2_2.png', '/images/adidas', 3),
	('white_k_1_1.png', '/images/nike', 4),
	('white_k_1_2.png', '/images/nike', 4),
	('white_k_2_1.png', '/images/nike', 5),
	('white_k_3_1.png', '/images/nike', 6),
	('white_k_3_2.png', '/images/nike', 6),
	('red_k_3_1.png', '/images/rebook', 7);


INSERT INTO orders
(status, created_at, updated_at, client_id)
VALUES
	('Не оплачено', CURRENT_TIMESTAMP, CURRENT_TIMESTAMP, 1),
	('Не оплачено', CURRENT_TIMESTAMP, CURRENT_TIMESTAMP, 2);

INSERT INTO orders
(status, created_at, updated_at, client_id)
VALUES
	('Оплачено', '2020-09-29 06:30:02', '2020-09-29 06:30:02', 3),
	('Оплачено', '2020-01-02 06:27:54', '2020-01-02 06:27:54', 4),
	('Оплачено', '2021-07-26 07:21:17', '2021-07-26 07:21:17', 4),
	('Оплачено', '2021-01-18 00:57:58', '2021-01-18 00:57:58', 7),
	('Оплачено', '2020-11-15 05:13:58', '2020-11-15 05:13:58', 3),
	('Оплачено', '2019-12-25 13:00:58', '2019-12-25 13:00:58', 8),
	('Оплачено', '2018-03-08 16:25:24', '2018-03-08 16:25:24', 1),
	('Оплачено', '2016-01-01 00:00:00', '2016-01-01 00:00:00', 2);

INSERT INTO orders_products
(order_id, product_id, total, created_at, updated_at)
VALUES
	(1, 1, 2, CURRENT_TIMESTAMP, CURRENT_TIMESTAMP),
	(2, 4, 1, CURRENT_TIMESTAMP, CURRENT_TIMESTAMP),
	(3, 2, 1, '2020-09-29 06:30:02', '2020-09-29 06:30:02'),
	(4, 7, 1, '2020-01-02 06:27:54', '2020-01-02 06:27:54'),
	(5, 4, 2, '2021-07-26 07:21:17', '2021-07-26 07:21:17'),
	(6, 3, 1, '2021-01-18 00:57:58', '2021-01-18 00:57:58'),
	(7, 4, 1, '2020-11-15 05:13:58', '2020-11-15 05:13:58'),
	(8, 2, 1, '2019-12-25 13:00:58', '2019-12-25 13:00:58'),
	(9, 1, 1, '2018-03-08 16:25:24', '2018-03-08 16:25:24'),
	(10, 1, 1, '2016-01-01 00:00:00', '2016-01-01 00:00:00');

INSERT INTO baskets
(client_id, product_id, total_products)
VALUES
	(1, 1, 1),
	(1, 3, 2),
	(3, 5, 1),
	(5, 4, 3),
	(4, 6, 1),
	(7, 8, 2),
	(9, 1, 1),
	(2, 6, 1),
	(3, 2, 1),
	(8, 7, 1);




