-- MariaDB dump 10.19  Distrib 10.5.12-MariaDB, for Linux (x86_64)
--
-- Host: mysql.hostinger.ro    Database: u574849695_25
-- ------------------------------------------------------
-- Server version	10.5.12-MariaDB-cll-lve

/*!40101 SET @OLD_CHARACTER_SET_CLIENT=@@CHARACTER_SET_CLIENT */;
/*!40101 SET @OLD_CHARACTER_SET_RESULTS=@@CHARACTER_SET_RESULTS */;
/*!40101 SET @OLD_COLLATION_CONNECTION=@@COLLATION_CONNECTION */;
/*!40101 SET NAMES utf8mb4 */;
/*!40103 SET @OLD_TIME_ZONE=@@TIME_ZONE */;
/*!40103 SET TIME_ZONE='+00:00' */;
/*!40014 SET @OLD_UNIQUE_CHECKS=@@UNIQUE_CHECKS, UNIQUE_CHECKS=0 */;
/*!40014 SET @OLD_FOREIGN_KEY_CHECKS=@@FOREIGN_KEY_CHECKS, FOREIGN_KEY_CHECKS=0 */;
/*!40101 SET @OLD_SQL_MODE=@@SQL_MODE, SQL_MODE='NO_AUTO_VALUE_ON_ZERO' */;
/*!40111 SET @OLD_SQL_NOTES=@@SQL_NOTES, SQL_NOTES=0 */;

--
-- Table structure for table `attach_files`
--


/* Задание 1.
Заполнить все таблицы БД vk данными (по 10-100 записей в каждой таблице).
*/

-- Заполнил таблицу данными пакетной вставкой с помощью сайта для генерации данных
DROP TABLE IF EXISTS `attach_files`;
/*!40101 SET @saved_cs_client     = @@character_set_client */;
/*!40101 SET character_set_client = utf8 */;
CREATE TABLE `attach_files` (
  `id` bigint(20) unsigned NOT NULL AUTO_INCREMENT,
  `attach_file_id` bigint(20) unsigned NOT NULL,
  PRIMARY KEY (`id`),
  KEY `attach_file_id` (`attach_file_id`),
  CONSTRAINT `attach_files_ibfk_1` FOREIGN KEY (`attach_file_id`) REFERENCES `messages` (`id`) ON DELETE CASCADE ON UPDATE CASCADE
) ENGINE=InnoDB AUTO_INCREMENT=101 DEFAULT CHARSET=utf8mb4 COLLATE=utf8mb4_unicode_ci COMMENT='прикрепленные файлы к сообщению';
/*!40101 SET character_set_client = @saved_cs_client */;

--
-- Dumping data for table `attach_files`
--

LOCK TABLES `attach_files` WRITE;
/*!40000 ALTER TABLE `attach_files` DISABLE KEYS */;
INSERT INTO `attach_files` VALUES (1,1),(2,2),(3,3),(4,4),(5,5),(6,6),(7,7),(8,8),(9,9),(10,10),(11,11),(12,12),(13,13),(14,14),(15,15),(16,16),(17,17),(18,18),(19,19),(20,20),(21,21),(22,22),(23,23),(24,24),(25,25),(26,26),(27,27),(28,28),(29,29),(30,30),(31,31),(32,32),(33,33),(34,34),(35,35),(36,36),(37,37),(38,38),(39,39),(40,40),(41,41),(42,42),(43,43),(44,44),(45,45),(46,46),(47,47),(48,48),(49,49),(50,50),(51,51),(52,52),(53,53),(54,54),(55,55),(56,56),(57,57),(58,58),(59,59),(60,60),(61,61),(62,62),(63,63),(64,64),(65,65),(66,66),(67,67),(68,68),(69,69),(70,70),(71,71),(72,72),(73,73),(74,74),(75,75),(76,76),(77,77),(78,78),(79,79),(80,80),(81,81),(82,82),(83,83),(84,84),(85,85),(86,86),(87,87),(88,88),(89,89),(90,90),(91,91),(92,92),(93,93),(94,94),(95,95),(96,96),(97,97),(98,98),(99,99),(100,100);
/*!40000 ALTER TABLE `attach_files` ENABLE KEYS */;
UNLOCK TABLES;

--
-- Table structure for table `comments`
--

DROP TABLE IF EXISTS `comments`;
/*!40101 SET @saved_cs_client     = @@character_set_client */;
/*!40101 SET character_set_client = utf8 */;
CREATE TABLE `comments` (
  `id` bigint(20) unsigned NOT NULL AUTO_INCREMENT,
  `text_comment` text COLLATE utf8mb4_unicode_ci DEFAULT NULL,
  `user_id` bigint(20) unsigned NOT NULL,
  `media_id` bigint(20) unsigned NOT NULL,
  PRIMARY KEY (`id`),
  KEY `user_id` (`user_id`),
  KEY `media_id` (`media_id`),
  CONSTRAINT `comments_ibfk_1` FOREIGN KEY (`user_id`) REFERENCES `users` (`id`),
  CONSTRAINT `comments_ibfk_2` FOREIGN KEY (`media_id`) REFERENCES `media` (`id`) ON DELETE CASCADE ON UPDATE CASCADE
) ENGINE=InnoDB AUTO_INCREMENT=101 DEFAULT CHARSET=utf8mb4 COLLATE=utf8mb4_unicode_ci;
/*!40101 SET character_set_client = @saved_cs_client */;

--
-- Dumping data for table `comments`
--

LOCK TABLES `comments` WRITE;
/*!40000 ALTER TABLE `comments` DISABLE KEYS */;
INSERT INTO `comments` VALUES (1,'ex',1,1),(2,'quia',2,2),(3,'qui',3,3),(4,'et',4,4),(5,'deserunt',5,5),(6,'magni',6,6),(7,'cupiditate',7,7),(8,'sit',8,8),(9,'ipsum',9,9),(10,'quae',10,10),(11,'non',11,11),(12,'reiciendis',12,12),(13,'vero',13,13),(14,'saepe',14,14),(15,'sed',15,15),(16,'voluptatibus',16,16),(17,'adipisci',17,17),(18,'quia',18,18),(19,'omnis',19,19),(20,'similique',20,20),(21,'sint',21,21),(22,'aut',22,22),(23,'hic',23,23),(24,'ut',24,24),(25,'aut',25,25),(26,'quia',26,26),(27,'nostrum',27,27),(28,'non',28,28),(29,'voluptas',29,29),(30,'in',30,30),(31,'reprehenderit',31,31),(32,'velit',32,32),(33,'excepturi',33,33),(34,'dolore',34,34),(35,'assumenda',35,35),(36,'corrupti',36,36),(37,'dicta',37,37),(38,'amet',38,38),(39,'deleniti',39,39),(40,'non',40,40),(41,'aut',41,41),(42,'fugit',42,42),(43,'omnis',43,43),(44,'fugiat',44,44),(45,'quidem',45,45),(46,'animi',46,46),(47,'rerum',47,47),(48,'non',48,48),(49,'voluptate',49,49),(50,'mollitia',50,50),(51,'sint',51,51),(52,'exercitationem',52,52),(53,'reprehenderit',53,53),(54,'sit',54,54),(55,'tenetur',55,55),(56,'non',56,56),(57,'non',57,57),(58,'odit',58,58),(59,'totam',59,59),(60,'nesciunt',60,60),(61,'qui',61,61),(62,'qui',62,62),(63,'quia',63,63),(64,'consequatur',64,64),(65,'molestiae',65,65),(66,'perferendis',66,66),(67,'eveniet',67,67),(68,'mollitia',68,68),(69,'est',69,69),(70,'rerum',70,70),(71,'eum',71,71),(72,'ducimus',72,72),(73,'facilis',73,73),(74,'nulla',74,74),(75,'ducimus',75,75),(76,'omnis',76,76),(77,'saepe',77,77),(78,'delectus',78,78),(79,'minima',79,79),(80,'sint',80,80),(81,'et',81,81),(82,'ut',82,82),(83,'et',83,83),(84,'est',84,84),(85,'neque',85,85),(86,'temporibus',86,86),(87,'dolorem',87,87),(88,'quis',88,88),(89,'non',89,89),(90,'ducimus',90,90),(91,'sint',91,91),(92,'aut',92,92),(93,'veniam',93,93),(94,'omnis',94,94),(95,'molestiae',95,95),(96,'animi',96,96),(97,'non',97,97),(98,'quidem',98,98),(99,'natus',99,99),(100,'tempore',100,100);
/*!40000 ALTER TABLE `comments` ENABLE KEYS */;
UNLOCK TABLES;

--
-- Table structure for table `communities`
--

DROP TABLE IF EXISTS `communities`;
/*!40101 SET @saved_cs_client     = @@character_set_client */;
/*!40101 SET character_set_client = utf8 */;
CREATE TABLE `communities` (
  `id` bigint(20) unsigned NOT NULL AUTO_INCREMENT,
  `name` varchar(150) COLLATE utf8mb4_unicode_ci DEFAULT NULL,
  `admin_user_id` bigint(20) unsigned DEFAULT NULL,
  PRIMARY KEY (`id`),
  KEY `communities_name_idx` (`name`),
  KEY `admin_user_id` (`admin_user_id`),
  CONSTRAINT `communities_ibfk_1` FOREIGN KEY (`admin_user_id`) REFERENCES `users` (`id`) ON DELETE SET NULL ON UPDATE CASCADE
) ENGINE=InnoDB AUTO_INCREMENT=101 DEFAULT CHARSET=utf8mb4 COLLATE=utf8mb4_unicode_ci;
/*!40101 SET character_set_client = @saved_cs_client */;

--
-- Dumping data for table `communities`
--

LOCK TABLES `communities` WRITE;
/*!40000 ALTER TABLE `communities` DISABLE KEYS */;
INSERT INTO `communities` VALUES (1,'ut',34),(2,'sed',47),(3,'magnam',1),(4,'enim',68),(5,'enim',69),(6,'molestias',22),(7,'voluptas',68),(8,'qui',5),(9,'ea',89),(10,'quae',23),(11,'esse',70),(12,'cupiditate',64),(13,'et',63),(14,'aut',24),(15,'maiores',37),(16,'dolores',8),(17,'sint',42),(18,'voluptas',5),(19,'pariatur',53),(20,'eligendi',12),(21,'iure',8),(22,'magnam',62),(23,'maiores',36),(24,'maiores',78),(25,'possimus',10),(26,'in',73),(27,'veritatis',98),(28,'eos',25),(29,'et',13),(30,'et',29),(31,'impedit',99),(32,'suscipit',47),(33,'alias',75),(34,'nemo',99),(35,'quia',14),(36,'dolor',43),(37,'quidem',20),(38,'suscipit',82),(39,'quod',47),(40,'veniam',9),(41,'consequatur',4),(42,'soluta',17),(43,'corporis',72),(44,'minima',67),(45,'culpa',41),(46,'repellendus',9),(47,'pariatur',74),(48,'ut',82),(49,'aut',14),(50,'quos',27),(51,'delectus',94),(52,'vel',22),(53,'id',88),(54,'praesentium',29),(55,'quia',99),(56,'qui',97),(57,'aperiam',1),(58,'quis',96),(59,'sint',22),(60,'aliquid',14),(61,'maxime',25),(62,'quibusdam',20),(63,'maiores',60),(64,'dolor',100),(65,'est',19),(66,'tempore',74),(67,'vitae',42),(68,'adipisci',38),(69,'ut',56),(70,'sequi',89),(71,'quia',47),(72,'molestiae',59),(73,'et',6),(74,'commodi',18),(75,'officiis',25),(76,'possimus',47),(77,'ut',27),(78,'odit',99),(79,'nostrum',29),(80,'doloribus',40),(81,'rerum',26),(82,'voluptatibus',22),(83,'asperiores',61),(84,'enim',13),(85,'ratione',51),(86,'dolorum',60),(87,'voluptatem',10),(88,'voluptas',52),(89,'sint',56),(90,'dolorum',32),(91,'rerum',66),(92,'eum',80),(93,'laudantium',51),(94,'consequatur',26),(95,'maiores',79),(96,'delectus',70),(97,'cumque',100),(98,'architecto',21),(99,'minus',8),(100,'nam',55);
/*!40000 ALTER TABLE `communities` ENABLE KEYS */;
UNLOCK TABLES;

--
-- Table structure for table `friend_requests`
--

DROP TABLE IF EXISTS `friend_requests`;
/*!40101 SET @saved_cs_client     = @@character_set_client */;
/*!40101 SET character_set_client = utf8 */;
CREATE TABLE `friend_requests` (
  `initiator_user_id` bigint(20) unsigned NOT NULL,
  `target_user_id` bigint(20) unsigned NOT NULL,
  `status` enum('requested','approved','declined','unfriended') COLLATE utf8mb4_unicode_ci DEFAULT NULL,
  `requested_at` datetime DEFAULT current_timestamp(),
  `updated_at` datetime DEFAULT NULL ON UPDATE current_timestamp(),
  PRIMARY KEY (`initiator_user_id`,`target_user_id`),
  KEY `target_user_id` (`target_user_id`),
  CONSTRAINT `friend_requests_ibfk_1` FOREIGN KEY (`initiator_user_id`) REFERENCES `users` (`id`) ON DELETE CASCADE ON UPDATE CASCADE,
  CONSTRAINT `friend_requests_ibfk_2` FOREIGN KEY (`target_user_id`) REFERENCES `users` (`id`) ON DELETE CASCADE ON UPDATE CASCADE
) ENGINE=InnoDB DEFAULT CHARSET=utf8mb4 COLLATE=utf8mb4_unicode_ci;
/*!40101 SET character_set_client = @saved_cs_client */;

--
-- Dumping data for table `friend_requests`
--

LOCK TABLES `friend_requests` WRITE;
/*!40000 ALTER TABLE `friend_requests` DISABLE KEYS */;
INSERT INTO `friend_requests` VALUES (1,1,'approved','1974-02-11 21:23:38','1991-10-07 08:53:57'),(2,2,'unfriended','1980-01-27 08:14:16','1984-07-18 07:22:03'),(3,3,'unfriended','1985-09-18 20:05:09','1993-02-23 09:17:22'),(4,4,'approved','2013-04-17 10:36:04','1984-08-11 15:08:32'),(5,5,'requested','1976-10-05 20:52:52','2009-04-13 18:09:08'),(6,6,'requested','1984-01-14 22:30:02','2003-06-27 05:06:13'),(7,7,'declined','2015-04-27 20:31:59','2007-04-17 00:08:54'),(8,8,'unfriended','1986-06-19 17:16:27','2006-07-01 00:15:26'),(9,9,'unfriended','2003-04-24 03:25:16','2009-05-27 00:01:04'),(10,10,'approved','1971-01-18 20:47:53','2010-09-15 09:23:27'),(11,11,'unfriended','2019-01-14 10:38:58','2005-06-22 06:24:20'),(12,12,'requested','2004-03-26 14:26:19','1970-06-02 10:47:53'),(13,13,'unfriended','1989-05-05 07:36:15','2002-11-08 06:47:29'),(14,14,'declined','1971-02-10 00:26:55','2008-10-15 02:44:53'),(15,15,'declined','2004-02-19 12:41:44','1996-09-02 23:15:58'),(16,16,'approved','2014-10-04 14:48:14','2011-03-04 07:40:17'),(17,17,'requested','1986-02-26 05:33:03','1990-04-23 23:26:40'),(18,18,'approved','1995-10-16 13:54:37','2021-08-24 01:56:23'),(19,19,'requested','1977-06-29 09:51:49','1999-10-21 17:43:30'),(20,20,'declined','1987-01-28 22:02:16','1979-05-23 01:59:45'),(21,21,'approved','1983-09-27 13:52:21','1981-05-24 14:05:43'),(22,22,'approved','1991-02-05 18:01:29','1980-07-18 03:25:24'),(23,23,'unfriended','2006-02-11 06:30:06','2007-08-05 21:05:18'),(24,24,'declined','2007-08-20 09:51:58','1984-01-10 11:58:05'),(25,25,'approved','1991-08-19 02:29:02','1996-01-25 02:48:55'),(26,26,'unfriended','1971-09-15 01:16:08','2002-06-01 07:32:16'),(27,27,'declined','2013-03-06 07:35:56','2008-03-15 14:13:07'),(28,28,'approved','1987-04-28 20:50:37','1998-03-04 13:58:58'),(29,29,'unfriended','2010-11-04 19:21:14','1989-05-18 04:37:43'),(30,30,'approved','2004-08-13 01:54:30','1987-03-22 01:28:21'),(31,31,'requested','1980-08-30 12:56:08','2003-12-16 22:21:25'),(32,32,'unfriended','1980-10-17 00:42:15','2011-06-19 21:03:22'),(33,33,'unfriended','2010-08-18 20:36:39','1985-12-05 12:31:01'),(34,34,'approved','2002-10-04 20:44:59','1978-11-02 08:54:31'),(35,35,'requested','1983-08-30 22:42:53','2019-01-25 03:46:24'),(36,36,'unfriended','1970-11-04 14:53:20','2004-02-01 17:05:20'),(37,37,'requested','2016-05-24 11:08:10','1971-09-05 02:06:08'),(38,38,'requested','1982-09-01 11:24:59','1986-03-24 17:46:56'),(39,39,'declined','2001-12-01 12:25:18','2017-01-12 14:19:48'),(40,40,'unfriended','1974-05-25 16:34:51','1979-04-14 13:57:37'),(41,41,'requested','2000-04-26 11:28:29','2021-04-05 08:53:35'),(42,42,'approved','1978-10-22 04:11:32','2017-05-06 01:19:16'),(43,43,'requested','1986-12-26 03:30:59','2020-05-13 01:50:56'),(44,44,'unfriended','1977-02-23 23:32:38','1986-01-04 19:17:06'),(45,45,'requested','2003-04-16 15:22:00','2017-08-19 18:04:27'),(46,46,'declined','2008-03-06 11:04:39','2004-07-10 17:35:55'),(47,47,'approved','2006-04-15 16:07:45','1972-10-01 18:15:51'),(48,48,'unfriended','2019-08-19 16:32:11','2019-03-23 23:43:54'),(49,49,'unfriended','1987-09-10 19:20:36','1979-04-23 20:42:03'),(50,50,'declined','2006-06-14 05:26:41','2009-09-14 11:44:31'),(51,51,'declined','1977-08-25 16:25:08','1995-02-12 09:01:49'),(52,52,'requested','2013-01-17 03:29:38','1978-12-23 04:35:49'),(53,53,'requested','2012-08-27 20:15:00','1986-09-29 06:51:59'),(54,54,'requested','2017-09-18 04:02:10','1991-01-06 20:58:30'),(55,55,'declined','1989-05-09 18:22:35','2004-01-16 15:40:02'),(56,56,'requested','1995-02-22 10:29:59','1989-08-09 14:26:03'),(57,57,'requested','1995-11-01 17:45:16','2019-02-21 03:38:59'),(58,58,'approved','2002-08-25 21:19:46','2010-02-23 01:58:17'),(59,59,'declined','1980-06-10 14:47:31','2011-08-30 03:58:32'),(60,60,'declined','1999-07-06 09:01:41','1998-07-31 22:22:54'),(61,61,'requested','1978-10-23 20:42:18','2014-05-11 13:27:53'),(62,62,'unfriended','2021-05-16 11:05:29','1981-01-30 08:17:51'),(63,63,'approved','1992-03-24 15:57:24','2016-06-04 04:51:12'),(64,64,'unfriended','2020-03-31 19:44:51','1991-11-10 16:42:25'),(65,65,'requested','1976-10-16 06:03:56','2016-12-11 03:15:17'),(66,66,'unfriended','1990-05-12 16:32:45','1985-03-20 21:50:07'),(67,67,'unfriended','1998-03-14 13:08:57','1993-06-22 01:05:47'),(68,68,'declined','1972-06-11 10:18:04','1973-06-29 15:23:06'),(69,69,'approved','1986-08-31 06:59:54','1974-08-25 15:42:39'),(70,70,'approved','2009-03-02 19:35:33','1990-06-02 03:31:57'),(71,71,'unfriended','1973-08-11 14:32:41','1991-03-31 19:51:17'),(72,72,'unfriended','1998-03-22 23:05:35','1972-11-28 16:52:36'),(73,73,'unfriended','1985-02-03 11:00:10','1999-05-20 09:41:13'),(74,74,'unfriended','2017-09-27 22:32:05','2002-05-15 21:26:33'),(75,75,'requested','2012-03-29 04:43:03','1983-01-02 14:26:36'),(76,76,'unfriended','1989-07-09 01:44:02','1986-05-08 23:42:38'),(77,77,'approved','1991-03-03 17:38:10','1974-11-17 03:16:12'),(78,78,'requested','1995-03-28 22:34:13','2004-07-02 01:56:33'),(79,79,'requested','1989-10-23 02:08:21','2015-10-03 04:15:55'),(80,80,'approved','1981-04-17 06:36:01','1972-11-21 00:00:57'),(81,81,'declined','1984-10-17 15:35:49','1992-07-05 11:35:50'),(82,82,'declined','1970-09-27 21:19:51','2013-09-15 09:54:46'),(83,83,'approved','1985-06-03 18:02:38','2010-03-29 09:08:33'),(84,84,'unfriended','2015-02-18 03:52:31','2012-10-06 20:15:37'),(85,85,'requested','1987-02-18 10:46:55','2011-09-22 01:59:04'),(86,86,'declined','1997-01-07 01:36:00','1985-10-21 01:19:26'),(87,87,'approved','1974-05-06 05:27:52','2016-01-23 07:45:10'),(88,88,'unfriended','2020-01-06 17:47:10','2008-07-30 19:37:10'),(89,89,'approved','2006-03-25 08:51:42','1981-07-26 04:41:26'),(90,90,'declined','2022-01-11 00:24:16','1985-05-22 00:33:36'),(91,91,'requested','2009-07-10 21:16:29','1999-03-02 10:22:28'),(92,92,'approved','2000-03-08 07:20:38','2007-07-17 05:26:56'),(93,93,'requested','2012-11-24 22:18:52','1977-11-24 10:29:16'),(94,94,'approved','1980-05-19 17:47:07','1978-07-07 20:17:15'),(95,95,'approved','2017-09-20 20:53:47','1972-08-07 03:14:47'),(96,96,'unfriended','2008-05-12 18:38:40','2002-10-17 10:23:03'),(97,97,'declined','2006-10-13 14:10:56','1997-02-14 12:40:46'),(98,98,'requested','1994-07-24 08:43:20','1975-12-06 02:53:59'),(99,99,'unfriended','2021-04-03 14:38:45','2006-04-13 03:17:54'),(100,100,'approved','1982-01-21 23:49:41','1982-07-31 18:31:37');
/*!40000 ALTER TABLE `friend_requests` ENABLE KEYS */;
UNLOCK TABLES;

--
-- Table structure for table `likes`
--

DROP TABLE IF EXISTS `likes`;
/*!40101 SET @saved_cs_client     = @@character_set_client */;
/*!40101 SET character_set_client = utf8 */;
CREATE TABLE `likes` (
  `id` bigint(20) unsigned NOT NULL AUTO_INCREMENT,
  `user_id` bigint(20) unsigned NOT NULL,
  `media_id` bigint(20) unsigned NOT NULL,
  `created_at` datetime DEFAULT current_timestamp(),
  PRIMARY KEY (`id`),
  KEY `user_id` (`user_id`),
  KEY `media_id` (`media_id`),
  CONSTRAINT `likes_ibfk_1` FOREIGN KEY (`user_id`) REFERENCES `users` (`id`) ON DELETE CASCADE ON UPDATE CASCADE,
  CONSTRAINT `likes_ibfk_2` FOREIGN KEY (`media_id`) REFERENCES `media` (`id`) ON DELETE CASCADE ON UPDATE CASCADE
) ENGINE=InnoDB AUTO_INCREMENT=101 DEFAULT CHARSET=utf8mb4 COLLATE=utf8mb4_unicode_ci;
/*!40101 SET character_set_client = @saved_cs_client */;

--
-- Dumping data for table `likes`
--

LOCK TABLES `likes` WRITE;
/*!40000 ALTER TABLE `likes` DISABLE KEYS */;
INSERT INTO `likes` VALUES (1,1,1,'2005-04-20 01:26:26'),(2,2,2,'1984-12-22 10:09:51'),(3,3,3,'1973-02-25 16:38:04'),(4,4,4,'2015-08-07 07:11:53'),(5,5,5,'1984-01-02 07:29:13'),(6,6,6,'1979-10-18 06:32:21'),(7,7,7,'2006-08-03 21:55:36'),(8,8,8,'1984-02-10 05:00:38'),(9,9,9,'2001-03-17 20:04:54'),(10,10,10,'1982-03-21 06:24:48'),(11,11,11,'2002-10-22 09:05:06'),(12,12,12,'2015-08-28 09:51:31'),(13,13,13,'1990-03-03 08:05:30'),(14,14,14,'2007-12-30 02:21:20'),(15,15,15,'1976-01-07 02:41:52'),(16,16,16,'2000-01-24 17:59:46'),(17,17,17,'1993-07-19 17:28:11'),(18,18,18,'2009-01-05 20:41:47'),(19,19,19,'2002-11-19 23:04:09'),(20,20,20,'1998-10-08 22:12:36'),(21,21,21,'2019-08-14 18:44:40'),(22,22,22,'2001-02-06 19:20:06'),(23,23,23,'2007-11-12 02:00:41'),(24,24,24,'1997-11-21 15:50:49'),(25,25,25,'2022-02-14 15:06:10'),(26,26,26,'2017-07-31 03:10:48'),(27,27,27,'1986-04-25 01:24:45'),(28,28,28,'2006-09-24 23:34:44'),(29,29,29,'2017-03-04 06:10:26'),(30,30,30,'1996-07-02 11:20:48'),(31,31,31,'1989-07-20 20:02:44'),(32,32,32,'1975-08-10 19:00:34'),(33,33,33,'2000-08-30 18:45:39'),(34,34,34,'2002-10-30 01:16:00'),(35,35,35,'2009-11-09 12:06:20'),(36,36,36,'1995-08-10 00:01:39'),(37,37,37,'1973-01-02 00:23:42'),(38,38,38,'1994-02-04 17:10:47'),(39,39,39,'1985-10-31 19:02:09'),(40,40,40,'2011-11-08 22:14:38'),(41,41,41,'1990-02-08 09:19:02'),(42,42,42,'1998-11-03 21:24:29'),(43,43,43,'1981-06-01 14:41:34'),(44,44,44,'1997-08-02 23:54:59'),(45,45,45,'1997-01-18 06:20:38'),(46,46,46,'2017-10-24 11:10:26'),(47,47,47,'1977-05-08 14:11:20'),(48,48,48,'2014-12-24 08:36:13'),(49,49,49,'2021-10-03 13:57:03'),(50,50,50,'1992-01-14 00:45:41'),(51,51,51,'1974-05-19 17:28:19'),(52,52,52,'2009-01-02 17:09:07'),(53,53,53,'2015-05-30 13:39:26'),(54,54,54,'2003-06-29 05:20:13'),(55,55,55,'1982-02-20 06:06:16'),(56,56,56,'1988-11-30 18:00:50'),(57,57,57,'1999-02-21 03:58:32'),(58,58,58,'2021-01-20 14:11:15'),(59,59,59,'2015-01-13 06:39:29'),(60,60,60,'2003-07-23 20:47:07'),(61,61,61,'1980-08-08 07:54:38'),(62,62,62,'1974-12-07 19:23:37'),(63,63,63,'2018-09-01 14:35:44'),(64,64,64,'2008-03-08 19:12:02'),(65,65,65,'2015-07-26 11:49:02'),(66,66,66,'1995-06-12 15:43:55'),(67,67,67,'2007-10-29 10:42:50'),(68,68,68,'2003-02-04 18:39:03'),(69,69,69,'2010-07-07 15:06:30'),(70,70,70,'2001-05-24 06:42:29'),(71,71,71,'1988-08-17 19:51:33'),(72,72,72,'2003-05-11 21:23:29'),(73,73,73,'1985-07-08 21:22:00'),(74,74,74,'1977-05-22 03:36:13'),(75,75,75,'2006-09-27 05:32:59'),(76,76,76,'1975-03-20 06:07:31'),(77,77,77,'2015-05-18 15:13:07'),(78,78,78,'2012-05-01 06:24:40'),(79,79,79,'1983-05-30 17:09:37'),(80,80,80,'1975-02-09 13:44:50'),(81,81,81,'1997-08-12 05:22:08'),(82,82,82,'1981-12-10 09:33:58'),(83,83,83,'1976-10-23 02:36:16'),(84,84,84,'1987-05-21 22:13:52'),(85,85,85,'1997-08-29 20:15:14'),(86,86,86,'1991-11-30 05:11:44'),(87,87,87,'2016-10-05 04:29:55'),(88,88,88,'2003-02-13 06:03:25'),(89,89,89,'2006-02-19 09:11:18'),(90,90,90,'2009-08-08 13:05:26'),(91,91,91,'1996-07-26 11:45:12'),(92,92,92,'1985-04-19 20:09:10'),(93,93,93,'1993-03-16 10:05:38'),(94,94,94,'2005-01-21 06:01:49'),(95,95,95,'2005-10-30 05:07:08'),(96,96,96,'2017-04-26 05:29:06'),(97,97,97,'1987-08-06 10:29:20'),(98,98,98,'1988-04-08 09:32:06'),(99,99,99,'1994-07-15 19:44:59'),(100,100,100,'1993-10-05 12:17:40');
/*!40000 ALTER TABLE `likes` ENABLE KEYS */;
UNLOCK TABLES;

--
-- Table structure for table `media`
--

DROP TABLE IF EXISTS `media`;
/*!40101 SET @saved_cs_client     = @@character_set_client */;
/*!40101 SET character_set_client = utf8 */;
CREATE TABLE `media` (
  `id` bigint(20) unsigned NOT NULL AUTO_INCREMENT,
  `media_type_id` bigint(20) unsigned DEFAULT NULL,
  `user_id` bigint(20) unsigned NOT NULL,
  `body` text COLLATE utf8mb4_unicode_ci DEFAULT NULL,
  `filename` varchar(255) COLLATE utf8mb4_unicode_ci DEFAULT NULL,
  `size` int(11) DEFAULT NULL,
  `metadata` longtext CHARACTER SET utf8mb4 COLLATE utf8mb4_bin DEFAULT NULL CHECK (json_valid(`metadata`)),
  `created_at` datetime DEFAULT current_timestamp(),
  `updated_at` datetime DEFAULT current_timestamp() ON UPDATE current_timestamp(),
  PRIMARY KEY (`id`),
  KEY `user_id` (`user_id`),
  KEY `media_type_id` (`media_type_id`),
  CONSTRAINT `media_ibfk_1` FOREIGN KEY (`user_id`) REFERENCES `users` (`id`) ON DELETE CASCADE ON UPDATE CASCADE,
  CONSTRAINT `media_ibfk_2` FOREIGN KEY (`media_type_id`) REFERENCES `media_types` (`id`) ON DELETE SET NULL ON UPDATE CASCADE
) ENGINE=InnoDB AUTO_INCREMENT=101 DEFAULT CHARSET=utf8mb4 COLLATE=utf8mb4_unicode_ci;
/*!40101 SET character_set_client = @saved_cs_client */;

--
-- Dumping data for table `media`
--

LOCK TABLES `media` WRITE;
/*!40000 ALTER TABLE `media` DISABLE KEYS */;
INSERT INTO `media` VALUES (1,1,50,'Voluptas voluptates dolor nostrum error doloremque itaque exercitationem et. Magnam ipsa maiores consequuntur et tempora odio. Et dolorum consectetur voluptatem. Eos quod officiis molestiae quaerat.','libero',528,NULL,'2017-10-31 04:34:54','2006-12-12 10:22:41'),(2,2,21,'At officia sapiente magni magnam dignissimos. Et et cupiditate labore ipsum ipsum. Hic vero in reprehenderit in odio.','esse',48799741,NULL,'1973-08-03 20:26:20','1992-12-16 07:35:20'),(3,3,62,'Molestiae est molestias eum repellat. Praesentium aut iure quam dignissimos molestiae delectus. Quia commodi qui facilis in qui nulla fuga.','et',90,NULL,'1994-07-30 11:02:13','1992-02-01 08:26:07'),(4,4,53,'Et natus quasi libero enim facere. Consequatur veritatis incidunt saepe vitae doloremque qui dolores doloribus. Ipsum inventore ducimus maiores quidem nobis ut. Et maxime quia quasi aliquid reiciendis est sint voluptatibus.','laudantium',585929610,NULL,'2003-04-13 15:34:38','2015-06-09 04:23:53'),(5,1,62,'Ad similique vero dolorum. Optio vero perspiciatis nihil consequatur nostrum magnam esse. Voluptatibus expedita exercitationem ipsa minima.','optio',52,NULL,'1988-02-20 09:56:41','1990-02-07 17:51:56'),(6,2,70,'Saepe nam distinctio repellat. Soluta soluta voluptates esse est voluptatibus aperiam in. Dolorem delectus dignissimos quas molestiae et repellendus qui aspernatur.','qui',935,NULL,'1972-12-02 15:03:57','2003-07-08 12:22:27'),(7,3,43,'Quia distinctio dolor ducimus. Molestiae et accusamus iure voluptatem. Iste corrupti dolorem officia cumque dolor tenetur error velit. Et rem nesciunt quam aut in et modi.','tempora',15,NULL,'2005-05-05 22:02:12','1970-02-22 06:29:48'),(8,4,41,'Est nobis id ut ut quod aut. Possimus voluptate cupiditate fugiat magnam consequatur. Unde at possimus consequatur nesciunt laboriosam expedita.','debitis',966699068,NULL,'1977-05-24 19:07:13','1996-01-11 04:22:59'),(9,1,77,'Harum distinctio reiciendis quidem qui quisquam possimus voluptatem. Velit est vel est molestiae. Eaque et qui consequatur aut labore explicabo.','unde',41,NULL,'2010-08-13 02:20:13','2011-02-11 12:10:13'),(10,2,31,'Officia corrupti assumenda sed. Est rerum recusandae ut. Earum id facilis neque aut libero.','omnis',414,NULL,'2007-01-14 20:22:26','2006-07-10 13:19:41'),(11,3,5,'At rerum ut quidem est pariatur non. Vero eos rerum modi velit. Deleniti illo laboriosam atque voluptatem quia. Odit iste expedita veniam sunt.','et',63,NULL,'2018-01-13 16:04:24','1995-08-22 16:23:10'),(12,4,84,'At nemo eos quibusdam culpa. Nemo quasi voluptatem debitis. Qui quasi et illo minus aut rerum eos.','ab',757319,NULL,'1990-09-24 08:37:19','1970-02-14 03:45:51'),(13,1,74,'Ut ut nemo corporis enim minus corporis. Laudantium quo et tempora earum. Consequatur qui temporibus eligendi impedit libero autem voluptas.','autem',434,NULL,'1974-04-18 11:09:30','2011-08-19 04:53:17'),(14,2,36,'Neque rerum nisi adipisci facere neque inventore consequuntur. Quae dolorem omnis et natus sunt eveniet. Error voluptatem dolore dolorem quidem fugiat ipsam quidem fuga. Quia quisquam rem id totam repudiandae earum.','rem',6097763,NULL,'1977-01-16 22:48:20','1987-12-07 15:33:42'),(15,3,74,'Fuga quia molestias eveniet consequatur repudiandae totam ipsa. Ipsa eveniet laudantium ratione dolorem sed. Suscipit dolore laboriosam et eveniet doloremque. Voluptatem suscipit fugiat veniam ut est et.','animi',8,NULL,'1994-03-18 18:37:44','2003-08-07 15:42:23'),(16,4,42,'Odio et ab quia aut ut doloremque numquam. Iste quis aliquid est necessitatibus quam. Iusto qui inventore est repellat hic corporis fugiat et. Non omnis exercitationem quo.','illo',95,NULL,'1976-08-26 15:29:45','2012-09-07 12:05:47'),(17,1,22,'Est fugiat exercitationem qui qui rerum. Non qui omnis quo adipisci recusandae nesciunt. Libero perspiciatis atque quo fugiat ut veniam.','voluptatem',9,NULL,'1982-01-25 04:11:56','2004-05-25 11:53:02'),(18,2,68,'Quo laboriosam laboriosam recusandae exercitationem qui ea fugit. Vel facilis soluta qui possimus omnis qui. Sed et vel reiciendis sed.','ab',420702,NULL,'2019-08-15 13:26:25','1988-11-10 10:17:25'),(19,3,23,'Minus fugiat quis sint corporis. Iure autem commodi esse ipsum cupiditate. Aut aperiam sit unde omnis autem.','nesciunt',461,NULL,'2017-02-28 02:30:33','1983-03-06 12:59:38'),(20,4,61,'Velit dolor quasi voluptatem aut consectetur. Rerum quia amet qui aliquid in repellat tempora. Sunt eius consequatur quis voluptate omnis quo ipsum.','quibusdam',3,NULL,'1987-02-03 20:34:52','2019-03-13 08:18:52'),(21,1,55,'Id culpa consequatur incidunt autem. Exercitationem inventore omnis velit debitis. Non in et natus nulla rem iusto nesciunt.','similique',19,NULL,'2007-03-04 06:14:46','1972-02-19 02:14:04'),(22,2,67,'Voluptatem ea sed aliquid dignissimos est. Voluptatum ipsam aut quod doloremque animi pariatur. Ab omnis nihil placeat sed voluptatem deserunt libero. Nemo eveniet omnis sapiente sit voluptas.','amet',7228,NULL,'1987-03-07 04:19:09','1976-08-16 12:31:25'),(23,3,35,'Autem commodi autem quod pariatur velit. Aut quibusdam est ducimus officiis ea ut. Aut est corrupti qui voluptas itaque animi.','cumque',7758,NULL,'2019-02-22 16:04:36','2021-04-24 18:55:18'),(24,4,47,'Illum in reiciendis tempore eum. A non voluptatem consequatur laudantium. Itaque aut consectetur at enim autem dolor eveniet. Occaecati rerum ut magni corporis quidem qui.','consectetur',924678,NULL,'1984-10-10 08:04:02','1973-02-01 09:32:29'),(25,1,33,'Porro aperiam officiis ut eos repellendus aliquid. Incidunt quia eos quasi. Ducimus nemo ratione soluta sint omnis ut ut. Rem a velit non soluta omnis.','perspiciatis',81033300,NULL,'1993-01-10 19:44:04','1977-10-16 10:51:39'),(26,2,64,'Culpa culpa fugiat quia quas aliquid. Ducimus minima eum reiciendis. Repellendus consectetur est aut ea omnis tenetur dolores.','et',39,NULL,'2017-12-15 02:25:38','1975-11-26 14:52:18'),(27,3,91,'Voluptatem ad consequatur ipsum mollitia placeat quo quia. Quia voluptatem id aut in labore voluptates dolor odio. Sit cupiditate vel rerum non. Exercitationem dolorem quia voluptate voluptatem.','velit',3,NULL,'1996-02-25 17:05:14','2002-01-15 06:19:31'),(28,4,28,'Nulla est dolorem earum culpa sit placeat beatae. Expedita eum molestiae ducimus voluptatem occaecati impedit. Eos voluptatem et unde.','quos',6689,NULL,'1994-10-15 16:27:35','1986-06-22 20:56:15'),(29,1,72,'Alias et repudiandae minus voluptates occaecati. Dolorum assumenda optio qui qui iste.','dolor',568086,NULL,'2006-08-16 17:58:40','2001-05-31 12:02:11'),(30,2,11,'Aliquam quo quibusdam quaerat eum cumque libero sapiente. Quidem est natus adipisci nesciunt. Sed aliquam ex quod.','nam',91633291,NULL,'2005-06-20 22:09:50','1991-08-12 19:14:09'),(31,3,61,'Eveniet facilis explicabo consequuntur voluptatem. Rem autem at omnis ut. Occaecati non quibusdam necessitatibus. Odio deleniti quisquam explicabo.','ex',836,NULL,'1980-08-19 00:44:31','2011-07-20 22:00:47'),(32,4,21,'Aut eaque modi sed in voluptas ea. Iste quia veniam rerum voluptatum aut. Dicta quod enim doloremque eos quam quae deserunt ea. Sapiente recusandae aspernatur non cum sequi magni. Vel hic qui voluptatem adipisci aliquam enim sit.','aut',490,NULL,'2010-01-22 16:15:04','1993-12-29 17:54:29'),(33,1,32,'Nihil nostrum reprehenderit accusamus quo quis dolorem. Laboriosam non nemo dicta aliquam. Quos molestias assumenda eos enim unde quasi nemo.','quia',0,NULL,'2017-09-20 10:39:34','1982-01-06 20:49:58'),(34,2,22,'Deleniti inventore quo non harum qui est. Voluptatem qui consequatur nobis quia eos maxime accusamus. Rem voluptate aliquid ullam ipsum laboriosam quaerat nemo commodi. Sint inventore qui dolore mollitia ut.','culpa',216670,NULL,'1994-11-07 17:39:43','1974-12-07 21:00:07'),(35,3,73,'Veritatis quam nihil officiis et ea iusto eos. Et aut qui molestiae est. Voluptatem ea consequatur doloribus ipsa veritatis. Alias dolores non ut reprehenderit voluptatem aut. Dolores consequatur at quis inventore sequi est voluptate.','fugit',66595,NULL,'1995-05-19 08:35:15','2015-09-27 10:42:36'),(36,4,93,'Excepturi qui quo nihil et error voluptas distinctio nostrum. Similique repellat qui et esse fuga optio.','quisquam',57081,NULL,'1994-05-27 19:24:14','1980-10-17 20:20:37'),(37,1,92,'Nam iste autem laboriosam iste. Qui aut quibusdam delectus adipisci occaecati odit est. Sed cumque et est fugiat ut suscipit nisi culpa.','magni',51080,NULL,'2005-09-10 12:24:04','2008-01-20 06:27:59'),(38,2,16,'Incidunt modi consectetur quia cum. Ex possimus qui dicta.','possimus',39365481,NULL,'1972-12-14 04:13:24','1977-12-31 04:21:50'),(39,3,34,'Ut quia ut consectetur vero quia quibusdam. Animi ipsam qui corrupti nihil est distinctio doloribus.','hic',0,NULL,'2001-08-02 09:31:43','1997-02-14 19:34:20'),(40,4,68,'Id laborum deserunt qui dolorum labore magni. Eum quam illo debitis sed aut est. Atque officia ea dolor optio.','quia',148,NULL,'1987-06-10 09:41:45','1972-06-18 23:43:47'),(41,1,46,'Consequuntur minus aliquid est vitae non mollitia. Iure eum praesentium repellat debitis. Doloribus earum pariatur et rem quae voluptates ea dolorem. Qui quasi mollitia illum consequuntur voluptatem dignissimos et.','eligendi',0,NULL,'1997-02-01 07:54:00','2007-08-30 06:58:05'),(42,2,39,'Est reiciendis molestias sint quos pariatur architecto. Praesentium perferendis laudantium sint excepturi ipsum. Soluta ab non numquam tempora. Et accusantium nulla labore est est minima sit.','et',9787167,NULL,'1981-06-15 02:29:28','1974-12-21 18:33:27'),(43,3,52,'Molestiae optio vel aliquam officiis eveniet aut assumenda dicta. Vel et repudiandae deleniti consequuntur adipisci. Laudantium error autem perferendis ratione iste earum eos. Aut et rem nisi totam veniam voluptas.','mollitia',12,NULL,'1977-11-25 01:38:54','2009-11-09 06:04:47'),(44,4,19,'Quasi quis dolorem et est. Animi doloribus ducimus est sunt et neque. Atque distinctio accusamus odit qui et corrupti. Et maxime nulla rerum quo harum qui.','maiores',13,NULL,'2009-03-04 08:42:29','1993-09-15 15:42:44'),(45,1,74,'Magnam libero aut ab tempore voluptatem eius magni. Voluptas alias qui sit dolores totam. Voluptatem voluptatem nemo illo neque dolor consectetur et et. Blanditiis aspernatur delectus non sunt. Officiis sunt omnis aperiam consequatur consequuntur autem.','reprehenderit',0,NULL,'2015-09-08 01:41:56','2015-12-16 20:57:54'),(46,2,25,'Velit voluptas aut blanditiis cum. Neque inventore sunt esse accusamus eveniet voluptatem et. Saepe ut voluptate animi at. Quia autem pariatur et sunt quisquam velit. Sint laudantium ex dolor iusto iste voluptas.','quo',0,NULL,'2008-02-04 20:59:11','2015-07-28 17:15:59'),(47,3,60,'Ipsum ipsa omnis ut ipsam aspernatur eius laborum corrupti. Repudiandae occaecati sint unde et. Dolore ut sit unde repellendus laudantium. Vero quam sint itaque eos vero sunt.','dolor',59932,NULL,'1972-01-08 06:32:47','1975-04-22 03:39:26'),(48,4,95,'Aut consequatur excepturi rerum ab cumque nihil sed adipisci. Eius quo quisquam ipsam blanditiis nostrum aut ex. Aliquid nostrum blanditiis aliquam numquam sapiente necessitatibus. Molestias quidem illum officia numquam.','molestiae',5,NULL,'1976-08-10 07:18:47','2001-05-05 09:15:30'),(49,1,93,'Repellat possimus corporis qui quasi distinctio. Illo cupiditate adipisci beatae explicabo enim voluptas. Porro in consequatur et et veniam quia deserunt. Mollitia quo sed est velit cupiditate aliquid.','nihil',447491124,NULL,'2006-07-10 21:00:42','2012-12-01 20:21:28'),(50,2,83,'Harum non dolores itaque consequatur dicta doloribus. Velit corporis dolorem quis ut. Voluptatum sit cupiditate esse iste omnis culpa totam aperiam. Ipsa sint aut vel.','et',997486,NULL,'1976-10-26 05:55:47','2019-06-06 07:10:07'),(51,3,56,'Veniam voluptatem et aut totam sed delectus sint. Omnis facilis praesentium magnam minus eligendi ut consequatur omnis. Quis molestias ut repudiandae.','laborum',8,NULL,'2020-02-20 01:46:14','1996-07-24 17:02:07'),(52,4,48,'Totam similique molestiae dolor aut numquam earum. Est dolores accusamus ut nihil voluptates. Alias aperiam voluptas facere. Ea nam accusamus deleniti est nihil. Dignissimos accusantium exercitationem sunt.','temporibus',704878,NULL,'1984-10-08 04:40:37','1989-08-25 13:42:04'),(53,1,50,'Quia dolorem autem rerum ipsum aut debitis. Sapiente quia consequatur temporibus suscipit illo. Eos ipsam doloribus voluptas sapiente neque a aliquid. Cumque architecto quis facere officia ex dolor consequatur numquam.','enim',3012094,NULL,'1984-03-24 09:45:14','1972-03-20 08:51:39'),(54,2,90,'Autem accusantium neque et eaque. Voluptas sequi sunt facilis deleniti consequatur eos. Dolorem neque occaecati laborum et quia.','labore',3243080,NULL,'1997-04-08 08:23:04','1984-04-06 15:15:01'),(55,3,95,'Odit voluptas rerum ut vitae quas veritatis iure et. Consequatur rerum totam exercitationem reprehenderit voluptatem veniam. Natus doloribus et ut iure eum nobis alias non. Dolorem ducimus voluptas iste minima.','repellat',444600,NULL,'2001-09-14 03:39:30','2004-02-19 13:02:36'),(56,4,83,'Autem at nisi ut voluptatum libero et assumenda. Sed odit voluptatem consectetur sit dolores sint. Quia hic quod quia est dolores. Et aliquam qui expedita et.','eos',2,NULL,'1988-05-01 18:22:19','2019-05-30 10:27:47'),(57,1,54,'Laboriosam expedita rerum tempora voluptatem expedita ad. Sunt eligendi ipsa aliquid voluptas qui qui quaerat nobis.','sit',34,NULL,'1985-09-25 18:14:21','1997-10-16 19:54:53'),(58,2,85,'Quidem numquam rem maiores voluptatem porro occaecati dignissimos veritatis. Eum laborum omnis et libero quaerat. Possimus aliquam delectus non placeat sit aperiam mollitia. Est aut velit in eaque cum ut quis atque.','quia',4466,NULL,'2009-09-19 02:09:29','2015-01-25 14:43:21'),(59,3,10,'Inventore quod et deleniti numquam nam expedita. Et quo autem consequatur minima. Culpa atque consequatur saepe quaerat repellendus ipsa doloremque non. Voluptatibus debitis repellat iure nam.','ipsum',97039,NULL,'1978-08-23 08:15:43','1988-02-14 10:10:08'),(60,4,25,'Rerum sequi omnis ut. Numquam facere sunt ipsam sunt voluptatibus nam maiores. Et perferendis error veritatis voluptatem maiores.','est',808,NULL,'1978-03-12 21:25:28','1995-01-27 03:30:07'),(61,1,96,'Sed cumque dolor unde nostrum nam necessitatibus et. Cum cum qui eum quos ut quam dolorum. Qui asperiores distinctio delectus. Nobis id non possimus ut ducimus.','a',4,NULL,'2016-08-18 22:21:58','1971-07-28 16:08:42'),(62,2,71,'Dolor sapiente ipsa ut aut eum. Tempora adipisci est dolor et.','consequatur',7674722,NULL,'2017-11-24 15:27:00','1999-07-16 07:05:42'),(63,3,45,'Molestias labore et aut illum voluptate assumenda ad quo. Neque commodi omnis et incidunt sit libero. Sed quibusdam iusto ipsam et.','dolor',3134,NULL,'2006-05-17 00:54:07','1986-07-14 17:58:35'),(64,4,28,'Excepturi perspiciatis iure ut et sapiente eligendi. Modi accusamus delectus consequatur voluptatum. Doloribus velit qui qui dolores earum. Nisi harum rerum voluptas sed accusantium natus. Animi quo aut esse minima iure quos.','quo',76,NULL,'1971-01-17 17:51:20','1990-12-05 09:14:19'),(65,1,92,'Impedit et odit qui qui omnis. Ut voluptatem labore quia aut dolor. Eligendi qui illo occaecati cum laudantium molestias. Quod ut porro enim.','distinctio',398046,NULL,'1999-04-06 11:27:55','1995-02-13 08:51:54'),(66,2,18,'Non nihil aspernatur omnis suscipit repellendus. Et error nesciunt aspernatur expedita odit in. Est accusantium et non ea earum.','aut',657105607,NULL,'2019-02-24 08:55:03','1987-06-22 04:20:40'),(67,3,21,'Quibusdam sequi ipsam quo non. Nam eum consequatur molestias sequi amet. Natus blanditiis accusamus odio eum qui. Facere nemo aut expedita voluptatibus saepe.','id',873479502,NULL,'1989-11-07 16:01:14','1984-01-29 04:03:22'),(68,4,84,'Illo molestias quia voluptas eveniet omnis doloribus. Nobis accusamus est dolor sit consectetur voluptatum. Molestiae nulla ipsam nulla recusandae.','et',0,NULL,'1995-04-01 15:52:46','2013-03-28 12:24:17'),(69,1,33,'Laboriosam quas id illo sint repellendus consectetur. Libero ipsam itaque dolorem voluptatem quis labore. Voluptatem sed nemo et omnis sequi et omnis.','praesentium',52,NULL,'1990-03-12 18:21:12','2003-04-20 01:27:02'),(70,2,54,'Sit eos et nam qui quia sint ipsa eos. Et possimus molestias ut quae et consequuntur dolor. Dicta quos ut voluptas laborum aut.','quia',560321,NULL,'1981-10-11 12:52:11','1988-07-29 17:34:46'),(71,3,52,'Consectetur ullam et vel rerum officiis nobis vel. Molestias ea velit dolorum hic in sint. Sunt aut libero aut.','sapiente',286969682,NULL,'1970-02-13 21:36:29','1980-07-14 16:41:26'),(72,4,78,'Corporis praesentium dolores voluptatem delectus. Ea nostrum autem illum reiciendis. Et praesentium cum consectetur ex. Quisquam a quos sapiente ut culpa at qui dolorem. Aut libero molestiae voluptate inventore velit.','deserunt',3051214,NULL,'2000-10-13 02:24:36','2019-11-20 17:28:10'),(73,1,93,'Amet nobis qui est doloremque placeat est. Culpa iste officiis eligendi eum ratione autem porro. Maiores sint nulla dolorum deleniti. Facilis sapiente qui facilis nam dolor ratione. Est repellat facere in.','enim',385537816,NULL,'2013-09-06 05:39:57','1980-10-13 07:19:40'),(74,2,3,'Voluptas in omnis delectus rerum perferendis aliquid recusandae. Est sequi quasi omnis qui. Quia aliquam sed ipsam laboriosam voluptatum.','et',64595,NULL,'1992-11-14 16:18:48','1999-05-14 07:02:39'),(75,3,97,'Iste dolorum laudantium aut molestiae minima. Consequatur dolores voluptatibus reiciendis sapiente blanditiis corrupti repudiandae eius. Minus est illo maiores ad et possimus quos. Repellat dolor aliquam quia est est.','repellendus',46,NULL,'1972-11-21 01:05:57','1993-03-03 21:07:21'),(76,4,66,'Vitae explicabo vel vero atque dolor. Sit itaque voluptate nihil et et laboriosam. Ullam possimus sunt et qui magnam numquam ex. Voluptatem quo eius aut atque sequi.','ullam',81834,NULL,'2017-02-20 08:24:19','1988-01-06 06:10:16'),(77,1,28,'Nihil ut quo neque. Eaque modi deserunt possimus. Quasi et hic et omnis quis et nulla. Nisi ipsa enim mollitia recusandae vel molestias.','cumque',84,NULL,'2015-12-21 20:16:04','2017-03-15 06:09:26'),(78,2,57,'Velit molestiae ut ut ullam maiores rerum. Doloribus iure perspiciatis ut mollitia et sunt. Rerum modi dolore rem voluptas possimus in occaecati aspernatur. Ducimus ipsum voluptatem quam ipsum consequuntur.','debitis',61733,NULL,'1988-02-13 13:04:20','2008-04-15 19:30:25'),(79,3,61,'Est distinctio deleniti eum ea excepturi eos voluptas est. Dolore molestiae tempore sint non. Quam pariatur quia dolor harum nihil tenetur atque. Tempore qui impedit impedit enim voluptate commodi et qui.','fuga',0,NULL,'2003-03-07 19:54:30','1986-04-10 03:19:51'),(80,4,21,'Quaerat minus deserunt aliquam voluptatem omnis deleniti asperiores. Et nihil unde sint sequi dolor qui. Fugit fugiat dolorum sed qui voluptas ad.','commodi',8041,NULL,'1983-04-09 10:53:32','2002-02-06 12:45:35'),(81,1,40,'Numquam illo et reiciendis laboriosam optio pariatur aut. Nesciunt reiciendis voluptatem praesentium incidunt dolorum vitae ut. Repellendus repellat eos eius numquam ad quis minus. Quia molestiae numquam aliquid omnis vero earum laborum.','et',540894,NULL,'1995-11-18 21:30:14','2003-01-07 14:29:37'),(82,2,16,'Accusantium et ea ut aspernatur. Aspernatur sed magni et. Omnis inventore atque harum deleniti tempore a. Voluptas recusandae molestiae modi iure facere eum.','inventore',148145566,NULL,'2004-03-03 12:11:09','1975-09-13 00:03:42'),(83,3,68,'Distinctio minus non assumenda sit quaerat voluptas. Illo harum et sed sed. Itaque non sapiente amet. Explicabo aut eligendi incidunt doloribus quia autem atque.','necessitatibus',44003395,NULL,'1988-07-14 17:00:11','1972-03-21 19:27:49'),(84,4,89,'Fugit dolore est sit quae aut qui. Totam sed amet voluptas.','qui',9176,NULL,'1982-07-08 19:48:48','2021-04-26 17:51:06'),(85,1,6,'Molestias eveniet quis perspiciatis blanditiis adipisci qui. Et expedita aut optio error est. Iusto recusandae provident ea ut accusamus.','enim',517,NULL,'2008-09-02 14:03:57','1973-09-22 09:15:00'),(86,2,62,'Sit ut deleniti non sint. Animi odit minima et neque nihil. Et voluptas officia iusto facilis qui occaecati et ipsum. Vitae ad illo voluptate.','eaque',394780907,NULL,'1979-08-09 06:43:14','1990-06-18 11:55:32'),(87,3,72,'Quo voluptate consequatur iste maxime consequuntur culpa. Eum consequatur sit dolorum harum. Quia accusamus sunt reprehenderit a excepturi sit. Repudiandae et quaerat voluptatibus eos fuga sed est.','eaque',30083549,NULL,'2021-05-16 09:21:40','1989-02-23 08:01:26'),(88,4,60,'Quasi ratione perspiciatis asperiores. Voluptates sit enim ea consequatur. Eos doloremque quisquam minima cumque.','a',91,NULL,'2011-09-24 05:00:32','2015-10-25 05:18:33'),(89,1,47,'Corrupti aliquam iusto sed. Optio voluptatibus repellendus ut adipisci ut voluptas. Veritatis et beatae voluptatem officiis doloremque.','quia',58,NULL,'1983-09-04 15:49:38','1980-09-28 18:07:30'),(90,2,82,'Consectetur qui rerum consequatur veniam voluptas non. Adipisci qui ut beatae cumque. Est rem et sed in ut suscipit dolores. Quia non earum consectetur aut modi magni.','tenetur',23982,NULL,'1991-09-21 04:58:26','1981-04-20 23:19:59'),(91,3,84,'Nemo quia ab neque amet aut maiores molestias officiis. Voluptatibus maiores architecto assumenda eos dignissimos praesentium quisquam ullam. Minus enim est quam.','sed',78017378,NULL,'2001-01-12 19:45:36','2000-01-01 07:56:13'),(92,4,42,'Tempore iusto numquam quos consectetur natus nihil. Aperiam aliquam qui est qui quaerat. Cum perspiciatis necessitatibus quaerat nulla dignissimos. Iusto omnis corporis sit cumque. Commodi fugit aut non veniam aliquam sed reiciendis.','excepturi',688284,NULL,'1978-11-12 03:44:52','1976-11-29 08:21:29'),(93,1,52,'Dolores numquam qui delectus fugiat. Qui praesentium qui nihil recusandae dolorem et. Laudantium deleniti deserunt voluptas sequi assumenda.','rerum',0,NULL,'2019-06-22 01:57:03','1976-03-07 09:41:14'),(94,2,28,'Ratione aut dolorem consequuntur nulla veritatis tempore at porro. Dolor aut nesciunt illo aperiam perspiciatis. Consequatur consequatur corrupti eum porro.','error',15,NULL,'2008-11-20 06:52:00','2005-12-21 21:34:20'),(95,3,70,'Ipsa eveniet odio omnis vel. Blanditiis molestiae assumenda qui alias qui. Et assumenda sit aut.','pariatur',3469435,NULL,'2018-12-08 06:43:48','2004-08-06 03:39:16'),(96,4,44,'Ad et ipsa molestiae. Saepe et neque enim non pariatur. Praesentium eveniet impedit ratione numquam suscipit. Aut et odit quod et quasi possimus doloremque quia.','dolorum',544396156,NULL,'2001-07-27 05:44:16','1999-04-06 02:31:16'),(97,1,45,'Amet minus labore necessitatibus amet tempora quis. Nisi sequi omnis eligendi illum iusto minima velit. Deleniti molestiae rerum quia laudantium.','atque',5,NULL,'2000-01-31 03:34:32','1978-03-25 04:40:20'),(98,2,90,'Ipsum voluptates est et itaque consequatur omnis. Atque commodi enim qui omnis aliquid ducimus. Alias ab sunt et nobis. Molestiae omnis ex soluta accusamus.','et',9,NULL,'1986-12-17 07:03:14','1999-01-27 12:38:36'),(99,3,27,'Laborum molestias est voluptates non. Consequatur et dolorum voluptates libero aut. Tempore et temporibus aliquam asperiores deserunt voluptate. Reiciendis voluptatem iste sapiente quisquam quidem. Modi tenetur ab enim dolorum natus pariatur aut deleniti.','temporibus',5,NULL,'1998-12-31 09:45:39','1982-10-19 22:14:51'),(100,4,78,'Quam est fuga illo occaecati beatae. Debitis magnam sunt voluptates suscipit debitis commodi officiis magnam. Iusto repellendus est eos omnis dolorem exercitationem dolores. Totam vel ex quis consequatur consequatur et.','in',68667,NULL,'1993-02-16 21:56:12','1970-12-19 12:06:17');
/*!40000 ALTER TABLE `media` ENABLE KEYS */;
UNLOCK TABLES;

--
-- Table structure for table `media_types`
--

DROP TABLE IF EXISTS `media_types`;
/*!40101 SET @saved_cs_client     = @@character_set_client */;
/*!40101 SET character_set_client = utf8 */;
CREATE TABLE `media_types` (
  `id` bigint(20) unsigned NOT NULL AUTO_INCREMENT,
  `name` varchar(255) COLLATE utf8mb4_unicode_ci DEFAULT NULL,
  `created_at` datetime DEFAULT current_timestamp(),
  `updated_at` datetime DEFAULT current_timestamp() ON UPDATE current_timestamp(),
  PRIMARY KEY (`id`)
) ENGINE=InnoDB AUTO_INCREMENT=5 DEFAULT CHARSET=utf8mb4 COLLATE=utf8mb4_unicode_ci;
/*!40101 SET character_set_client = @saved_cs_client */;

--
-- Dumping data for table `media_types`
--

LOCK TABLES `media_types` WRITE;
/*!40000 ALTER TABLE `media_types` DISABLE KEYS */;
INSERT INTO `media_types` VALUES (1,'aliquam','1982-07-11 04:49:00','2018-11-15 17:59:44'),(2,'suscipit','1977-07-26 03:21:10','1992-06-10 00:12:50'),(3,'odio','1981-09-30 13:02:31','1980-08-27 22:48:31'),(4,'sit','2018-07-30 00:30:08','2012-03-23 01:45:26');
/*!40000 ALTER TABLE `media_types` ENABLE KEYS */;
UNLOCK TABLES;

--
-- Table structure for table `messages`
--

DROP TABLE IF EXISTS `messages`;
/*!40101 SET @saved_cs_client     = @@character_set_client */;
/*!40101 SET character_set_client = utf8 */;
CREATE TABLE `messages` (
  `id` bigint(20) unsigned NOT NULL AUTO_INCREMENT,
  `from_user_id` bigint(20) unsigned NOT NULL,
  `to_user_id` bigint(20) unsigned NOT NULL,
  `body` text COLLATE utf8mb4_unicode_ci DEFAULT NULL,
  `attach_file` varchar(255) COLLATE utf8mb4_unicode_ci DEFAULT NULL,
  `created_at` datetime DEFAULT current_timestamp(),
  PRIMARY KEY (`id`),
  KEY `from_user_id` (`from_user_id`),
  KEY `to_user_id` (`to_user_id`),
  CONSTRAINT `messages_ibfk_1` FOREIGN KEY (`from_user_id`) REFERENCES `users` (`id`) ON DELETE CASCADE ON UPDATE CASCADE,
  CONSTRAINT `messages_ibfk_2` FOREIGN KEY (`to_user_id`) REFERENCES `users` (`id`) ON DELETE CASCADE ON UPDATE CASCADE
) ENGINE=InnoDB AUTO_INCREMENT=101 DEFAULT CHARSET=utf8mb4 COLLATE=utf8mb4_unicode_ci;
/*!40101 SET character_set_client = @saved_cs_client */;

--
-- Dumping data for table `messages`
--

LOCK TABLES `messages` WRITE;
/*!40000 ALTER TABLE `messages` DISABLE KEYS */;
INSERT INTO `messages` VALUES (1,1,1,'Aut voluptatem voluptatem sed incidunt possimus quis. Eum ducimus laboriosam illum saepe. Nostrum ut earum sit reprehenderit quae sit reiciendis.',NULL,'1980-01-11 20:54:40'),(2,2,2,'Incidunt voluptas voluptatibus numquam in. Culpa dignissimos eaque dolorem consequuntur. Quasi voluptas inventore quia. Rem maxime dolor rerum quia in et ex.',NULL,'1998-07-11 03:57:56'),(3,3,3,'Ut dolorem amet voluptatum aperiam sed magni culpa. Vitae hic amet velit ullam rerum sed eum. Deleniti voluptate illum autem cum veniam ratione.',NULL,'1992-09-10 19:35:37'),(4,4,4,'Ut soluta beatae at iste. Dicta consequatur qui exercitationem quod quod labore. Doloribus et harum vel rerum illo aut. Consequatur laborum aspernatur hic labore dolorem.',NULL,'1973-11-22 23:37:30'),(5,5,5,'Qui aspernatur quos asperiores itaque. Commodi odit et quam consequatur consequatur. Voluptas ipsam facilis autem tempora voluptas repellat. Veritatis molestias ratione voluptatem error qui ratione.',NULL,'1992-10-25 08:15:26'),(6,6,6,'Enim nostrum nemo pariatur optio esse similique. Ipsum sint id praesentium natus aut.',NULL,'1985-03-19 13:46:56'),(7,7,7,'Aut qui temporibus voluptatem. Numquam ex saepe dignissimos voluptatum et iure sed. Corrupti velit omnis est eos. Sed consequatur quas rerum voluptas est. Aut et sed facere voluptate aut velit dicta dolorem.',NULL,'2006-09-12 15:38:05'),(8,8,8,'Incidunt optio qui dolores animi beatae dolorem. Illum et atque voluptatem in voluptatum eum quia quis. Sed velit perspiciatis consectetur quis omnis et quo. Rerum quia commodi minus aliquid sapiente. Et voluptate eius laborum autem provident impedit in odit.',NULL,'1989-04-02 08:18:35'),(9,9,9,'Natus rem enim iure accusamus dolores alias. Consequatur et iure dolorum repellat neque porro. Necessitatibus provident sit esse mollitia exercitationem dolores eos.',NULL,'1997-05-18 19:15:41'),(10,10,10,'Sed quia id commodi velit velit doloribus qui. Repudiandae similique est minima. Ut enim et ut sed. Accusamus placeat consectetur sint repellat perferendis officiis.',NULL,'1983-07-05 12:32:18'),(11,11,11,'Dolores cupiditate animi at vel sunt. Dolor cumque iure eum itaque dicta vitae quasi. Ex odio at eum accusantium nostrum aut.',NULL,'2006-06-20 13:08:16'),(12,12,12,'Corrupti est deleniti magni harum ducimus sit autem. Ipsam occaecati a suscipit tempora necessitatibus et. Ab voluptates amet voluptatem sint.',NULL,'1995-09-24 05:05:35'),(13,13,13,'Eveniet quasi ullam ut sequi aspernatur. Porro dolore nam officiis sunt. Sed explicabo officia aut id sint laborum.',NULL,'2020-02-07 21:04:13'),(14,14,14,'Ducimus amet in in magnam quia. Earum tempora ad quos qui saepe vel. Assumenda omnis dicta quibusdam aut consequuntur est voluptates. Ad repellat fugit sunt architecto deserunt sapiente suscipit.',NULL,'2011-11-16 14:46:31'),(15,15,15,'In voluptate et quia molestias impedit tempora voluptas dolorem. Hic sint inventore ut et animi ut dolorem. Eaque perspiciatis aut ut quae iusto eum.',NULL,'1979-09-30 04:24:25'),(16,16,16,'Cum et autem asperiores aut quisquam et culpa. Nemo quia qui non ad vitae. Voluptate sequi animi temporibus vel ut aut. Minus sed maiores et delectus.',NULL,'1980-08-05 23:49:01'),(17,17,17,'Nisi est alias reprehenderit quo soluta doloremque qui. Error accusamus recusandae ut beatae neque. Et illo ducimus aut aut culpa.',NULL,'2000-10-14 21:51:41'),(18,18,18,'Saepe perspiciatis voluptatem ipsam voluptatem dolore accusamus. Vero vel accusamus blanditiis doloremque. Fugit magni dignissimos ipsum iure repellendus quos ea.',NULL,'1978-08-21 07:44:02'),(19,19,19,'Neque error officiis totam aliquam ut placeat. Voluptate fugiat qui est qui.',NULL,'2013-11-22 08:34:55'),(20,20,20,'Assumenda veritatis nesciunt inventore quae. Natus perferendis aut et voluptates. Voluptate quasi itaque ut magni cumque laudantium. Minima iusto explicabo in sint sapiente aperiam. Doloremque incidunt omnis voluptatum voluptatem ab tenetur voluptates voluptas.',NULL,'2006-11-20 19:16:26'),(21,21,21,'Neque voluptates exercitationem hic id iste. Aliquam iste non voluptas et.',NULL,'1984-05-17 19:46:48'),(22,22,22,'Est ut libero nobis sapiente dolores numquam. Sequi sed sit explicabo nulla. Quae praesentium perferendis similique voluptate dicta a. Quia quia ea sint optio ut et ut. Asperiores tempore quis qui architecto nisi distinctio.',NULL,'1999-07-14 16:12:44'),(23,23,23,'Voluptatum deleniti repudiandae consectetur distinctio non quia vel dolorem. Sapiente odio similique officiis officiis aut perferendis sunt. Aut ab provident doloremque natus quo. Est et nihil velit sed atque rerum omnis eveniet.',NULL,'2002-12-22 08:30:51'),(24,24,24,'Quos quae eius qui. Optio architecto explicabo numquam quis libero temporibus rerum quae. Sunt tempore tempora assumenda fugiat velit eum aut. Molestiae ut alias rem assumenda similique eum aut.',NULL,'1976-09-22 02:54:59'),(25,25,25,'Sequi consequatur inventore voluptatem tenetur qui earum. Molestiae rem et fuga.',NULL,'1990-08-10 00:37:05'),(26,26,26,'Numquam et tenetur architecto et. Voluptate doloribus ducimus suscipit voluptatum autem quasi. Tempore et ab animi recusandae odit dolorum.',NULL,'2009-02-04 12:05:28'),(27,27,27,'Sit doloremque unde dolores quos quo. Perferendis ea fuga placeat id iusto ea. At est maiores architecto et voluptas recusandae doloremque. Rem magnam earum vitae aut quia.',NULL,'1992-03-15 12:56:36'),(28,28,28,'Enim mollitia expedita rerum non. Laborum facilis aut delectus dolor quia hic. Facere ea et aliquam similique. Natus dolorem ipsum maxime aut sed porro et. Nisi minus possimus ea molestias libero aut.',NULL,'2015-03-09 18:34:38'),(29,29,29,'Molestias repellendus et ipsum. Et enim sequi hic nobis doloremque distinctio neque. Accusamus nihil eligendi laborum maxime sit ipsum.',NULL,'1997-09-28 19:36:31'),(30,30,30,'Modi sunt quae suscipit aut est. Rerum ratione perferendis enim in qui laudantium. Aut est voluptatibus totam asperiores corporis fuga aperiam.',NULL,'2014-06-17 09:55:29'),(31,31,31,'Minima ipsam ut aut voluptas. Culpa mollitia quod ipsam veniam dolor dolores. Explicabo debitis amet sunt quas doloribus corrupti. Et dolorem libero repellendus necessitatibus.',NULL,'1975-10-19 05:13:39'),(32,32,32,'Temporibus ipsum provident non iusto consequatur quis similique. Tempora soluta atque nam rerum dolores. Minima quo aut eligendi qui adipisci consectetur qui. Id voluptatem inventore natus ut repudiandae numquam.',NULL,'1998-02-16 17:00:36'),(33,33,33,'Officiis sed quia in. Laboriosam et voluptates a sint maxime deserunt. Eligendi iusto eum architecto sed consequatur sint. Velit blanditiis veniam qui soluta alias. Accusamus maxime incidunt sunt temporibus magnam.',NULL,'1978-05-05 12:42:43'),(34,34,34,'Adipisci facere aperiam molestias quia. Quisquam aperiam veniam illo qui ducimus. Doloribus dolore eos magnam voluptatem quod modi.',NULL,'2017-12-20 07:28:33'),(35,35,35,'Nihil numquam corrupti ducimus voluptatem dolores et libero. Voluptatem perspiciatis minus facere est nam.',NULL,'2004-11-12 01:41:52'),(36,36,36,'Voluptates expedita tenetur est. Recusandae dolorum est itaque aut nihil nobis. Voluptatem molestiae atque suscipit dicta.',NULL,'1979-05-28 16:58:49'),(37,37,37,'Inventore quo magnam blanditiis itaque eaque quisquam. Dolorem est dolores dignissimos ut qui soluta. Voluptas ullam doloribus eum dolores aperiam. Blanditiis dolor occaecati omnis molestias.',NULL,'2016-11-15 02:07:21'),(38,38,38,'Ducimus dolor non dolorem assumenda. Aut quisquam quia est enim facilis sed. Voluptates tenetur adipisci nihil labore illo. Ratione facilis accusantium qui fuga. Facilis ratione sint non voluptas id deserunt.',NULL,'1996-01-04 01:28:13'),(39,39,39,'Quo a dolor molestiae sint. In est aliquam eum iusto. Quae necessitatibus ut et.',NULL,'2015-07-20 02:40:04'),(40,40,40,'Eius voluptatem amet ipsa. Animi aperiam voluptatem facilis deserunt voluptas illo provident quae. Doloremque veritatis dolor eligendi voluptatem eum et. Officiis voluptatum qui enim ipsam ad facilis.',NULL,'2018-11-05 13:48:30'),(41,41,41,'Sed voluptas non officia autem nihil dicta quasi saepe. Veritatis eius est molestiae molestiae quisquam. Ab porro et consequatur architecto non.',NULL,'2005-05-29 05:33:27'),(42,42,42,'Corrupti qui vel sint voluptatem sint neque ullam. Illo nulla quae ea minus et maxime voluptas doloremque.',NULL,'1972-05-03 04:26:20'),(43,43,43,'Maiores cum quia et optio voluptates cupiditate assumenda. Eius ipsam temporibus minima a. Ut sunt consequatur autem velit molestias voluptatibus. Recusandae sint est ipsum minima sapiente facere.',NULL,'2006-11-17 10:07:54'),(44,44,44,'Illum dolores non dolor amet aut accusamus iste. Ipsa quo omnis suscipit quia. Velit suscipit harum sequi praesentium earum. Omnis similique quae atque ex qui.',NULL,'2010-08-24 13:54:02'),(45,45,45,'Expedita est explicabo excepturi vel velit quasi delectus. Culpa sequi quidem necessitatibus commodi.',NULL,'2012-03-11 04:24:24'),(46,46,46,'Vel id ipsa aliquid et non tempora. Rerum deleniti quis et consequatur architecto. Et sed consequatur est voluptatem voluptas tempore.',NULL,'2019-03-14 19:03:20'),(47,47,47,'Qui adipisci velit qui asperiores deserunt adipisci. Culpa provident aut voluptatem laborum occaecati consequatur rem nisi. Quia ipsam ea aut neque. Commodi in fugit libero perferendis doloremque beatae. Ut blanditiis id id aut.',NULL,'2020-02-20 17:53:51'),(48,48,48,'Enim voluptatem magnam omnis quae dignissimos qui assumenda. Quia laborum aliquam magni itaque consequuntur dolores esse. Quia molestias explicabo velit.',NULL,'2011-12-12 23:58:18'),(49,49,49,'Praesentium ad eveniet quo et veritatis. Autem quas totam laborum dolorem. Quis inventore ipsum dolores consectetur.',NULL,'1979-01-10 06:29:50'),(50,50,50,'Nam quis dicta itaque nihil. Commodi illum soluta deleniti distinctio. Et aut quis repellendus eum ex ducimus.',NULL,'2009-10-31 11:05:44'),(51,51,51,'Non voluptates nam est a inventore in. Sunt impedit voluptatem sit tempora perspiciatis voluptatem vero quasi. Qui sunt veritatis maiores qui. Dolores hic aliquam vero.',NULL,'2012-09-25 01:29:19'),(52,52,52,'Et ducimus qui nemo accusantium ipsam. Numquam occaecati et odio ipsum consequatur illum. Eaque quia veniam mollitia.',NULL,'1982-01-24 19:07:57'),(53,53,53,'Autem et cumque eos ex dolor. Modi tenetur culpa ullam ab ipsam qui accusamus.',NULL,'2019-07-03 07:41:11'),(54,54,54,'Aut exercitationem placeat temporibus mollitia dolor placeat. Enim nulla enim quia ut optio ullam. Quas soluta deserunt qui molestiae. Sint aliquid quis saepe ipsam cum quia dolorem.',NULL,'2001-06-30 11:28:28'),(55,55,55,'Quia ad nemo quam nisi est vitae fugiat eveniet. Eaque earum mollitia est fugiat. Minima odio illo et et et magnam dolorem impedit.',NULL,'2001-04-30 10:44:06'),(56,56,56,'Doloribus qui sequi est enim alias est. Tempora et cum tempore aspernatur consequuntur cupiditate. Voluptatem in est dolorem nihil labore.',NULL,'1998-04-15 09:08:27'),(57,57,57,'Sit ratione quidem id enim quia ex. Dolorem quidem modi itaque nulla modi. Ut ex explicabo id laudantium eligendi. Distinctio distinctio sint perspiciatis sequi dignissimos.',NULL,'2013-02-19 23:19:10'),(58,58,58,'Et pariatur facilis nam fugiat ea distinctio. Fugit illo facilis aut voluptas sunt possimus qui. Deleniti veniam quia ea vero quod reprehenderit. Voluptates excepturi perspiciatis neque quas.',NULL,'1977-02-07 03:51:32'),(59,59,59,'Libero quaerat perspiciatis unde perferendis hic ut soluta. Nisi numquam neque sed. Quis sint velit veniam reiciendis. Id commodi magnam quos provident iure.',NULL,'1999-10-22 22:22:25'),(60,60,60,'Nesciunt ut est qui architecto in et. Et repellat sed explicabo dolor esse ratione. Porro odio et omnis enim.',NULL,'1997-12-09 23:24:32'),(61,61,61,'Quam voluptas nisi nam aspernatur. Necessitatibus quis exercitationem autem iure vel ex. Ab eos possimus aut officia repudiandae nostrum.',NULL,'2021-05-04 03:43:49'),(62,62,62,'Amet omnis voluptas dolores rerum. Quod ut omnis et et in voluptatum rerum. Iure est sed ut a quam et. Voluptatem eos consequatur praesentium et eveniet velit.',NULL,'1980-08-28 01:19:52'),(63,63,63,'Est quis quibusdam voluptas exercitationem doloribus. Libero voluptates excepturi molestiae esse sequi enim dolorum. Placeat est dolorum et et. Quos sit voluptas ut unde voluptatem sed.',NULL,'1998-07-02 16:13:14'),(64,64,64,'Voluptatem ex nemo accusantium et. Minus ratione ipsam eos voluptas est voluptatem sit eos. Ut id similique mollitia ab voluptate delectus dolorum.',NULL,'1989-12-24 21:03:48'),(65,65,65,'Et dolores fugit placeat sit est facilis. Iste possimus deleniti fugit voluptates quam in.',NULL,'2018-05-19 12:04:54'),(66,66,66,'Sit tempore molestiae sed iusto odio mollitia. Dolores quas eum rerum unde. Dolorum dolore non quo fugiat sed.',NULL,'1978-07-21 01:21:38'),(67,67,67,'A sed odit consequatur eligendi voluptatem dolor. Assumenda laudantium quisquam sunt repudiandae qui. Qui aut totam perferendis voluptatem ut.',NULL,'1982-04-03 10:25:23'),(68,68,68,'Doloribus sit tenetur et non ipsa suscipit et. Ea dolore totam illo nemo tenetur. Est impedit quaerat perferendis ut. Cum accusamus numquam quia et occaecati.',NULL,'2003-08-19 08:46:34'),(69,69,69,'Sint sed voluptates totam sit quam. Fugiat quas deserunt quam laudantium. Culpa eum dicta distinctio aliquid. Dolorem eaque alias et maxime quae reprehenderit neque. Sunt quia est consectetur labore.',NULL,'2014-09-09 12:59:09'),(70,70,70,'Fuga et officia quis quis. Saepe libero rerum eum sed est non omnis. Vel repudiandae ipsum dolores magni autem.',NULL,'1982-06-23 12:51:31'),(71,71,71,'Sunt odio aut deleniti sit et. Dolorum eos et blanditiis consequatur est distinctio. Ut ipsum corrupti dolorum dolores eum. Mollitia sint nihil non assumenda est quibusdam culpa.',NULL,'1971-12-07 07:03:04'),(72,72,72,'Excepturi et hic in. Ducimus iste id consequatur odit vero ducimus. Repudiandae eligendi et aut.',NULL,'1974-08-24 21:39:57'),(73,73,73,'Id quos autem error ut incidunt molestiae eveniet a. Aut dolores laudantium et. Architecto veniam quia rem illo excepturi eos odio. Adipisci dicta iure commodi ducimus. Voluptatem et dolores unde repellat asperiores reprehenderit et.',NULL,'1985-04-04 19:53:28'),(74,74,74,'Fuga necessitatibus natus vero rerum et quia. Repellendus aut aut magnam quidem atque consectetur dolorem. Non enim eius saepe qui consequatur itaque.',NULL,'1992-06-25 11:27:22'),(75,75,75,'Omnis ducimus magni corporis illum aut natus beatae nam. Dicta suscipit illo corporis natus et possimus officia. Illum amet ea voluptatem consequuntur non.',NULL,'2007-11-20 01:49:21'),(76,76,76,'Ex dolores et cupiditate laudantium aliquid ut. Consequatur et ea inventore. Eveniet quia qui soluta voluptatem voluptatem dolor tempore. Impedit earum voluptatibus reiciendis officia at culpa mollitia. Vitae voluptatem eos at.',NULL,'1993-01-26 18:43:56'),(77,77,77,'At ad officia quia aut. Animi voluptate provident tenetur. Et eum tempora quaerat sequi blanditiis. Illum optio harum in vel sapiente.',NULL,'2012-05-28 03:51:38'),(78,78,78,'Qui soluta sunt vitae et laborum. Soluta totam dolores ipsa laborum. Cumque at autem sit.',NULL,'1974-12-22 23:24:36'),(79,79,79,'Sed aut aspernatur quaerat officia iste cum. Et consequatur voluptate qui id omnis quibusdam. Nostrum mollitia nobis omnis incidunt.',NULL,'2002-12-24 09:24:23'),(80,80,80,'Amet est vel sit quam. Ipsam aut sit cumque aut et. Qui eligendi nobis reiciendis aut dolore.',NULL,'1985-09-25 09:33:06'),(81,81,81,'Ea quia pariatur corporis dolor perspiciatis cumque. Iste odit facilis iste rerum ut ipsam. Voluptates cumque aut eum optio quo autem. Necessitatibus recusandae quam quaerat pariatur quibusdam.',NULL,'1993-10-30 18:43:51'),(82,82,82,'Dolore minus provident minus. Eum quis ratione sequi voluptatem rerum. Ea sed reiciendis libero et ut. Et voluptatum nobis sit laborum eum quam. Velit quasi error velit enim.',NULL,'2004-03-24 09:32:26'),(83,83,83,'Enim et magnam neque iusto voluptatum. Quisquam distinctio nesciunt rerum ab vel et et. Omnis tenetur non cumque voluptatum. Ab deleniti labore quis nostrum omnis nesciunt. Nisi aut quidem voluptas explicabo assumenda.',NULL,'1992-04-20 11:13:42'),(84,84,84,'Explicabo et ex totam aut. Ducimus error enim qui repellat. Ut sunt fugit voluptate et.',NULL,'1970-04-07 13:27:07'),(85,85,85,'Tempore error quam quaerat magni animi repellendus. Pariatur quidem eos sit cupiditate quidem deserunt. Expedita omnis vitae vel. Nemo enim sunt dicta voluptas id in et.',NULL,'1996-05-05 10:18:56'),(86,86,86,'Dolorem adipisci placeat voluptate tenetur corrupti. Est quis fugit ea labore. Exercitationem voluptas dolor quae molestias laborum architecto delectus. Aut molestiae culpa occaecati dolorem.',NULL,'2015-05-15 21:57:20'),(87,87,87,'Inventore aut rerum voluptas quaerat. Libero ut laboriosam dignissimos expedita officia aperiam voluptas.',NULL,'2021-09-17 05:45:56'),(88,88,88,'Expedita consequatur impedit reprehenderit iste sunt. Quam totam eius hic nisi explicabo similique id. Corrupti architecto et ut suscipit consectetur possimus perspiciatis. Quod quibusdam neque nesciunt quia et laudantium.',NULL,'2006-04-05 23:44:25'),(89,89,89,'Cupiditate in amet deleniti nam. Inventore reprehenderit laboriosam nemo quia. Voluptatem voluptas recusandae optio in quaerat dolor quae labore. Fugiat quo vel nostrum officia culpa exercitationem.',NULL,'2002-05-27 21:42:36'),(90,90,90,'Eum quisquam qui numquam natus perspiciatis ad nulla voluptas. Nostrum architecto natus velit quidem et et a. Dolores qui libero ut.',NULL,'1983-11-14 15:32:29'),(91,91,91,'Maiores esse sapiente consequatur suscipit ut est. Culpa est et fugiat animi et deleniti. Et similique soluta quia ratione consequatur veniam. Libero tenetur nam est sint nemo quia.',NULL,'2006-07-01 20:15:19'),(92,92,92,'Similique esse facilis sed unde molestias ipsum dicta non. Occaecati error aperiam atque voluptates debitis ut. Est dolor fugiat repellat corrupti in.',NULL,'1995-03-04 04:58:02'),(93,93,93,'Sed cum temporibus at quae dignissimos molestiae. Repellendus dignissimos quidem consectetur molestiae facere laborum. Voluptatem sit ut saepe repellat quae modi.',NULL,'2018-04-04 12:40:16'),(94,94,94,'Ut a odit omnis voluptatem nam ad dolores. Enim autem reprehenderit magnam ea.',NULL,'1992-12-16 18:07:24'),(95,95,95,'Ut iure eos culpa vero est quaerat asperiores est. Expedita qui ratione doloremque repellat.',NULL,'1994-11-08 07:27:34'),(96,96,96,'Doloribus veritatis autem et nihil cum voluptatibus. Explicabo corporis et voluptas voluptatem voluptatem. Delectus earum possimus ut in laudantium ratione quia. Hic maiores placeat est non et tempora. Ut eos minima deserunt.',NULL,'2016-06-19 00:41:50'),(97,97,97,'Nisi aliquid qui fugit qui rerum. Odit ea fugit aut est. Ut nisi praesentium consectetur dignissimos quas ut omnis. Distinctio et sed distinctio sit ratione.',NULL,'1973-06-14 19:30:26'),(98,98,98,'Dolorum tempore nesciunt qui aspernatur est reiciendis. Deserunt dicta et veritatis alias facilis quas.',NULL,'2007-02-25 03:19:30'),(99,99,99,'Minus fugit nisi est sed mollitia omnis. Rerum libero atque et sint. Distinctio temporibus aut optio dolores facilis. Vel aut velit iste nemo.',NULL,'2022-01-04 13:49:43'),(100,100,100,'Sequi commodi dolorem nihil similique nulla sit. Unde dignissimos quis nostrum et error ab sed. Molestiae ea rerum earum minus aut. In perspiciatis asperiores placeat.',NULL,'2004-11-27 21:44:40');
/*!40000 ALTER TABLE `messages` ENABLE KEYS */;
UNLOCK TABLES;

--
-- Table structure for table `music_albums`
--

DROP TABLE IF EXISTS `music_albums`;
/*!40101 SET @saved_cs_client     = @@character_set_client */;
/*!40101 SET character_set_client = utf8 */;
CREATE TABLE `music_albums` (
  `id` bigint(20) unsigned NOT NULL AUTO_INCREMENT,
  `name` varchar(255) COLLATE utf8mb4_unicode_ci DEFAULT NULL,
  `user_id` bigint(20) unsigned DEFAULT NULL,
  PRIMARY KEY (`id`),
  KEY `user_id` (`user_id`),
  CONSTRAINT `music_albums_ibfk_1` FOREIGN KEY (`user_id`) REFERENCES `users` (`id`) ON DELETE SET NULL ON UPDATE CASCADE
) ENGINE=InnoDB AUTO_INCREMENT=101 DEFAULT CHARSET=utf8mb4 COLLATE=utf8mb4_unicode_ci;
/*!40101 SET character_set_client = @saved_cs_client */;

--
-- Dumping data for table `music_albums`
--

LOCK TABLES `music_albums` WRITE;
/*!40000 ALTER TABLE `music_albums` DISABLE KEYS */;
INSERT INTO `music_albums` VALUES (1,'non',1),(2,'sed',2),(3,'maiores',3),(4,'commodi',4),(5,'reprehenderit',5),(6,'et',6),(7,'aspernatur',7),(8,'in',8),(9,'et',9),(10,'non',10),(11,'rerum',11),(12,'et',12),(13,'assumenda',13),(14,'autem',14),(15,'voluptas',15),(16,'sed',16),(17,'nulla',17),(18,'libero',18),(19,'accusamus',19),(20,'et',20),(21,'est',21),(22,'et',22),(23,'ad',23),(24,'et',24),(25,'dicta',25),(26,'est',26),(27,'libero',27),(28,'ullam',28),(29,'quaerat',29),(30,'natus',30),(31,'placeat',31),(32,'et',32),(33,'facere',33),(34,'molestiae',34),(35,'dignissimos',35),(36,'molestias',36),(37,'corrupti',37),(38,'ex',38),(39,'corrupti',39),(40,'nesciunt',40),(41,'sit',41),(42,'voluptate',42),(43,'laborum',43),(44,'doloremque',44),(45,'ullam',45),(46,'molestiae',46),(47,'vitae',47),(48,'aperiam',48),(49,'ea',49),(50,'facere',50),(51,'nobis',51),(52,'hic',52),(53,'inventore',53),(54,'in',54),(55,'laboriosam',55),(56,'hic',56),(57,'culpa',57),(58,'blanditiis',58),(59,'optio',59),(60,'itaque',60),(61,'eius',61),(62,'voluptatibus',62),(63,'id',63),(64,'qui',64),(65,'dolores',65),(66,'qui',66),(67,'et',67),(68,'nobis',68),(69,'quod',69),(70,'veritatis',70),(71,'beatae',71),(72,'et',72),(73,'rerum',73),(74,'culpa',74),(75,'adipisci',75),(76,'explicabo',76),(77,'inventore',77),(78,'illum',78),(79,'enim',79),(80,'itaque',80),(81,'qui',81),(82,'quibusdam',82),(83,'hic',83),(84,'aut',84),(85,'quod',85),(86,'incidunt',86),(87,'delectus',87),(88,'sunt',88),(89,'vero',89),(90,'ut',90),(91,'ipsum',91),(92,'magni',92),(93,'eligendi',93),(94,'dolores',94),(95,'rerum',95),(96,'ipsam',96),(97,'eum',97),(98,'est',98),(99,'commodi',99),(100,'corporis',100);
/*!40000 ALTER TABLE `music_albums` ENABLE KEYS */;
UNLOCK TABLES;

--
-- Table structure for table `musics`
--

DROP TABLE IF EXISTS `musics`;
/*!40101 SET @saved_cs_client     = @@character_set_client */;
/*!40101 SET character_set_client = utf8 */;
CREATE TABLE `musics` (
  `id` bigint(20) unsigned NOT NULL AUTO_INCREMENT,
  `music_album_id` bigint(20) unsigned NOT NULL,
  `media_id` bigint(20) unsigned NOT NULL,
  PRIMARY KEY (`id`),
  KEY `music_album_id` (`music_album_id`),
  KEY `media_id` (`media_id`),
  CONSTRAINT `musics_ibfk_1` FOREIGN KEY (`music_album_id`) REFERENCES `music_albums` (`id`) ON DELETE CASCADE ON UPDATE CASCADE,
  CONSTRAINT `musics_ibfk_2` FOREIGN KEY (`media_id`) REFERENCES `media` (`id`) ON DELETE CASCADE ON UPDATE CASCADE
) ENGINE=InnoDB AUTO_INCREMENT=101 DEFAULT CHARSET=utf8mb4 COLLATE=utf8mb4_unicode_ci;
/*!40101 SET character_set_client = @saved_cs_client */;

--
-- Dumping data for table `musics`
--

LOCK TABLES `musics` WRITE;
/*!40000 ALTER TABLE `musics` DISABLE KEYS */;
INSERT INTO `musics` VALUES (1,1,1),(2,2,2),(3,3,3),(4,4,4),(5,5,5),(6,6,6),(7,7,7),(8,8,8),(9,9,9),(10,10,10),(11,11,11),(12,12,12),(13,13,13),(14,14,14),(15,15,15),(16,16,16),(17,17,17),(18,18,18),(19,19,19),(20,20,20),(21,21,21),(22,22,22),(23,23,23),(24,24,24),(25,25,25),(26,26,26),(27,27,27),(28,28,28),(29,29,29),(30,30,30),(31,31,31),(32,32,32),(33,33,33),(34,34,34),(35,35,35),(36,36,36),(37,37,37),(38,38,38),(39,39,39),(40,40,40),(41,41,41),(42,42,42),(43,43,43),(44,44,44),(45,45,45),(46,46,46),(47,47,47),(48,48,48),(49,49,49),(50,50,50),(51,51,51),(52,52,52),(53,53,53),(54,54,54),(55,55,55),(56,56,56),(57,57,57),(58,58,58),(59,59,59),(60,60,60),(61,61,61),(62,62,62),(63,63,63),(64,64,64),(65,65,65),(66,66,66),(67,67,67),(68,68,68),(69,69,69),(70,70,70),(71,71,71),(72,72,72),(73,73,73),(74,74,74),(75,75,75),(76,76,76),(77,77,77),(78,78,78),(79,79,79),(80,80,80),(81,81,81),(82,82,82),(83,83,83),(84,84,84),(85,85,85),(86,86,86),(87,87,87),(88,88,88),(89,89,89),(90,90,90),(91,91,91),(92,92,92),(93,93,93),(94,94,94),(95,95,95),(96,96,96),(97,97,97),(98,98,98),(99,99,99),(100,100,100);
/*!40000 ALTER TABLE `musics` ENABLE KEYS */;
UNLOCK TABLES;

--
-- Table structure for table `photo_albums`
--

DROP TABLE IF EXISTS `photo_albums`;
/*!40101 SET @saved_cs_client     = @@character_set_client */;
/*!40101 SET character_set_client = utf8 */;
CREATE TABLE `photo_albums` (
  `id` bigint(20) unsigned NOT NULL AUTO_INCREMENT,
  `name` varchar(255) COLLATE utf8mb4_unicode_ci DEFAULT NULL,
  `user_id` bigint(20) unsigned DEFAULT NULL,
  PRIMARY KEY (`id`),
  UNIQUE KEY `id` (`id`),
  KEY `user_id` (`user_id`),
  CONSTRAINT `photo_albums_ibfk_1` FOREIGN KEY (`user_id`) REFERENCES `users` (`id`) ON DELETE SET NULL ON UPDATE CASCADE
) ENGINE=InnoDB AUTO_INCREMENT=101 DEFAULT CHARSET=utf8mb4 COLLATE=utf8mb4_unicode_ci;
/*!40101 SET character_set_client = @saved_cs_client */;

--
-- Dumping data for table `photo_albums`
--

LOCK TABLES `photo_albums` WRITE;
/*!40000 ALTER TABLE `photo_albums` DISABLE KEYS */;
INSERT INTO `photo_albums` VALUES (1,'possimus',1),(2,'beatae',2),(3,'quis',3),(4,'molestias',4),(5,'vitae',5),(6,'non',6),(7,'modi',7),(8,'amet',8),(9,'voluptates',9),(10,'ipsa',10),(11,'dolore',11),(12,'nam',12),(13,'nemo',13),(14,'quisquam',14),(15,'debitis',15),(16,'repudiandae',16),(17,'sit',17),(18,'doloremque',18),(19,'et',19),(20,'porro',20),(21,'sed',21),(22,'perferendis',22),(23,'est',23),(24,'alias',24),(25,'commodi',25),(26,'qui',26),(27,'sed',27),(28,'laborum',28),(29,'soluta',29),(30,'magni',30),(31,'nemo',31),(32,'voluptatem',32),(33,'esse',33),(34,'quibusdam',34),(35,'totam',35),(36,'mollitia',36),(37,'quis',37),(38,'in',38),(39,'cumque',39),(40,'ipsam',40),(41,'et',41),(42,'dolorem',42),(43,'eos',43),(44,'sint',44),(45,'aut',45),(46,'fugiat',46),(47,'harum',47),(48,'quam',48),(49,'excepturi',49),(50,'sequi',50),(51,'sit',51),(52,'quo',52),(53,'cumque',53),(54,'consectetur',54),(55,'officia',55),(56,'facere',56),(57,'ad',57),(58,'atque',58),(59,'tenetur',59),(60,'eos',60),(61,'repudiandae',61),(62,'laborum',62),(63,'eveniet',63),(64,'amet',64),(65,'aut',65),(66,'quas',66),(67,'doloribus',67),(68,'et',68),(69,'autem',69),(70,'doloremque',70),(71,'incidunt',71),(72,'dolore',72),(73,'natus',73),(74,'voluptas',74),(75,'magnam',75),(76,'voluptatem',76),(77,'sit',77),(78,'vel',78),(79,'ipsum',79),(80,'et',80),(81,'nam',81),(82,'excepturi',82),(83,'in',83),(84,'molestiae',84),(85,'maxime',85),(86,'eos',86),(87,'nisi',87),(88,'velit',88),(89,'dolore',89),(90,'eius',90),(91,'voluptas',91),(92,'possimus',92),(93,'et',93),(94,'et',94),(95,'occaecati',95),(96,'magnam',96),(97,'reprehenderit',97),(98,'eos',98),(99,'molestiae',99),(100,'ipsa',100);
/*!40000 ALTER TABLE `photo_albums` ENABLE KEYS */;
UNLOCK TABLES;

--
-- Table structure for table `photos`
--

DROP TABLE IF EXISTS `photos`;
/*!40101 SET @saved_cs_client     = @@character_set_client */;
/*!40101 SET character_set_client = utf8 */;
CREATE TABLE `photos` (
  `id` bigint(20) unsigned NOT NULL AUTO_INCREMENT,
  `album_id` bigint(20) unsigned NOT NULL,
  `media_id` bigint(20) unsigned NOT NULL,
  PRIMARY KEY (`id`),
  KEY `album_id` (`album_id`),
  KEY `media_id` (`media_id`),
  CONSTRAINT `photos_ibfk_1` FOREIGN KEY (`album_id`) REFERENCES `photo_albums` (`id`) ON DELETE CASCADE ON UPDATE CASCADE,
  CONSTRAINT `photos_ibfk_2` FOREIGN KEY (`media_id`) REFERENCES `media` (`id`) ON DELETE CASCADE ON UPDATE CASCADE
) ENGINE=InnoDB AUTO_INCREMENT=101 DEFAULT CHARSET=utf8mb4 COLLATE=utf8mb4_unicode_ci;
/*!40101 SET character_set_client = @saved_cs_client */;

--
-- Dumping data for table `photos`
--

LOCK TABLES `photos` WRITE;
/*!40000 ALTER TABLE `photos` DISABLE KEYS */;
INSERT INTO `photos` VALUES (1,1,1),(2,2,2),(3,3,3),(4,4,4),(5,5,5),(6,6,6),(7,7,7),(8,8,8),(9,9,9),(10,10,10),(11,11,11),(12,12,12),(13,13,13),(14,14,14),(15,15,15),(16,16,16),(17,17,17),(18,18,18),(19,19,19),(20,20,20),(21,21,21),(22,22,22),(23,23,23),(24,24,24),(25,25,25),(26,26,26),(27,27,27),(28,28,28),(29,29,29),(30,30,30),(31,31,31),(32,32,32),(33,33,33),(34,34,34),(35,35,35),(36,36,36),(37,37,37),(38,38,38),(39,39,39),(40,40,40),(41,41,41),(42,42,42),(43,43,43),(44,44,44),(45,45,45),(46,46,46),(47,47,47),(48,48,48),(49,49,49),(50,50,50),(51,51,51),(52,52,52),(53,53,53),(54,54,54),(55,55,55),(56,56,56),(57,57,57),(58,58,58),(59,59,59),(60,60,60),(61,61,61),(62,62,62),(63,63,63),(64,64,64),(65,65,65),(66,66,66),(67,67,67),(68,68,68),(69,69,69),(70,70,70),(71,71,71),(72,72,72),(73,73,73),(74,74,74),(75,75,75),(76,76,76),(77,77,77),(78,78,78),(79,79,79),(80,80,80),(81,81,81),(82,82,82),(83,83,83),(84,84,84),(85,85,85),(86,86,86),(87,87,87),(88,88,88),(89,89,89),(90,90,90),(91,91,91),(92,92,92),(93,93,93),(94,94,94),(95,95,95),(96,96,96),(97,97,97),(98,98,98),(99,99,99),(100,100,100);
/*!40000 ALTER TABLE `photos` ENABLE KEYS */;
UNLOCK TABLES;

--
-- Table structure for table `profiles`
--

DROP TABLE IF EXISTS `profiles`;
/*!40101 SET @saved_cs_client     = @@character_set_client */;
/*!40101 SET character_set_client = utf8 */;
CREATE TABLE `profiles` (
  `user_id` bigint(20) unsigned NOT NULL AUTO_INCREMENT,
  `gender` char(1) COLLATE utf8mb4_unicode_ci DEFAULT NULL,
  `birthday` date DEFAULT NULL,
  `photo_id` bigint(20) unsigned DEFAULT NULL,
  `created_at` datetime DEFAULT current_timestamp(),
  `hometown` varchar(100) COLLATE utf8mb4_unicode_ci DEFAULT NULL,
  PRIMARY KEY (`user_id`),
  KEY `fk_photo_id` (`photo_id`),
  CONSTRAINT `fk_photo_id` FOREIGN KEY (`photo_id`) REFERENCES `photos` (`id`) ON DELETE SET NULL ON UPDATE CASCADE,
  CONSTRAINT `fk_user_id` FOREIGN KEY (`user_id`) REFERENCES `users` (`id`) ON DELETE CASCADE ON UPDATE CASCADE
) ENGINE=InnoDB AUTO_INCREMENT=101 DEFAULT CHARSET=utf8mb4 COLLATE=utf8mb4_unicode_ci;
/*!40101 SET character_set_client = @saved_cs_client */;

--
-- Dumping data for table `profiles`
--

LOCK TABLES `profiles` WRITE;
/*!40000 ALTER TABLE `profiles` DISABLE KEYS */;
INSERT INTO `profiles` VALUES (1,'m','1976-01-01',1,'2020-02-02 18:22:02',NULL),(2,'m','1992-07-18',2,'2001-05-10 10:14:40',NULL),(3,'m','1973-12-27',3,'2011-12-26 21:45:55',NULL),(4,'f','2014-02-21',4,'2006-01-27 15:42:18',NULL),(5,'f','1984-06-02',5,'1987-07-02 17:23:44',NULL),(6,'f','1971-02-15',6,'2015-12-14 12:46:21',NULL),(7,'m','1981-10-12',7,'2012-03-19 15:36:50',NULL),(8,'m','1993-10-05',8,'1991-11-03 02:54:55',NULL),(9,'f','1976-06-29',9,'1994-01-01 09:56:26',NULL),(10,'f','2009-06-15',10,'1988-07-28 23:46:11',NULL),(11,'f','1970-01-30',11,'1997-05-08 11:12:24',NULL),(12,'m','2005-12-23',12,'1992-10-02 08:50:43',NULL),(13,'f','1971-03-29',13,'1988-12-24 06:10:59',NULL),(14,'f','2003-09-06',14,'1977-07-09 08:28:08',NULL),(15,'m','1971-06-20',15,'1987-01-08 12:42:22',NULL),(16,'f','1998-03-22',16,'1996-04-14 14:20:10',NULL),(17,'m','1993-09-09',17,'2016-06-01 21:56:24',NULL),(18,'f','2003-09-09',18,'1974-02-18 07:05:07',NULL),(19,'m','2005-08-21',19,'2007-06-02 07:59:40',NULL),(20,'m','2000-11-20',20,'1986-11-21 22:55:13',NULL),(21,'f','2020-08-16',21,'1982-06-07 19:02:47',NULL),(22,'m','2001-10-27',22,'1999-05-04 14:13:59',NULL),(23,'f','1993-12-20',23,'1976-12-24 16:09:53',NULL),(24,'m','1984-06-26',24,'1990-04-10 23:22:45',NULL),(25,'f','1998-03-30',25,'1996-08-05 06:41:06',NULL),(26,'m','2003-07-09',26,'1994-01-15 07:46:43',NULL),(27,'m','2016-09-29',27,'1993-03-04 20:02:19',NULL),(28,'m','2005-10-15',28,'2003-12-01 18:15:03',NULL),(29,'m','2013-07-03',29,'2012-12-07 17:06:57',NULL),(30,'m','1979-09-29',30,'2008-11-04 20:22:57',NULL),(31,'f','2020-04-23',31,'2008-12-13 12:04:39',NULL),(32,'f','1979-11-11',32,'2000-08-18 05:05:35',NULL),(33,'m','1996-08-27',33,'2007-06-08 18:02:23',NULL),(34,'m','2021-06-04',34,'2015-05-30 00:35:59',NULL),(35,'m','1970-10-13',35,'1990-12-24 19:40:02',NULL),(36,'f','1979-03-28',36,'1979-03-14 17:38:14',NULL),(37,'f','2000-08-11',37,'1987-02-17 12:39:32',NULL),(38,'f','1999-01-17',38,'2008-04-13 05:54:35',NULL),(39,'m','2009-09-04',39,'1997-10-02 23:58:19',NULL),(40,'f','2013-07-15',40,'1991-02-20 16:24:31',NULL),(41,'m','1975-02-24',41,'1979-04-22 01:21:35',NULL),(42,'m','2018-04-05',42,'2009-08-29 20:29:57',NULL),(43,'m','2008-01-07',43,'2011-12-13 01:40:22',NULL),(44,'f','2012-12-27',44,'1980-01-12 20:58:28',NULL),(45,'f','2011-01-09',45,'2003-09-27 16:04:36',NULL),(46,'f','2000-09-11',46,'1979-11-21 05:46:54',NULL),(47,'f','2011-04-29',47,'2015-05-18 21:10:50',NULL),(48,'m','1980-01-28',48,'1981-02-07 15:23:42',NULL),(49,'m','1976-08-10',49,'1990-09-14 16:54:06',NULL),(50,'m','2014-08-11',50,'1975-02-19 20:04:01',NULL),(51,'f','2015-11-13',51,'2001-08-15 07:58:41',NULL),(52,'f','2013-04-03',52,'1970-07-02 22:30:14',NULL),(53,'m','2021-05-27',53,'1973-07-02 08:35:27',NULL),(54,'m','1975-10-08',54,'1979-01-18 17:13:32',NULL),(55,'m','1988-12-11',55,'1989-11-17 17:13:21',NULL),(56,'m','1976-01-16',56,'1982-06-16 23:18:39',NULL),(57,'f','2002-11-20',57,'2017-03-31 13:35:12',NULL),(58,'m','2014-01-16',58,'2013-03-04 13:24:06',NULL),(59,'m','2005-01-28',59,'1975-02-08 17:23:17',NULL),(60,'m','2007-01-11',60,'1994-04-09 23:43:03',NULL),(61,'f','1993-03-08',61,'2019-06-01 09:46:22',NULL),(62,'f','2019-10-09',62,'1992-03-22 13:10:46',NULL),(63,'m','1985-11-19',63,'1973-12-14 14:59:44',NULL),(64,'f','1997-03-31',64,'1972-12-13 17:34:53',NULL),(65,'m','2012-03-30',65,'2006-10-18 18:22:28',NULL),(66,'f','1980-02-21',66,'2007-08-25 02:20:43',NULL),(67,'f','2002-11-12',67,'1981-04-30 01:52:24',NULL),(68,'f','1975-11-07',68,'1996-03-11 11:58:55',NULL),(69,'f','1973-03-01',69,'2011-04-04 17:50:20',NULL),(70,'m','2015-12-08',70,'2000-09-06 03:14:41',NULL),(71,'m','2014-02-19',71,'1998-11-27 05:43:45',NULL),(72,'m','1993-02-27',72,'1977-10-31 00:01:53',NULL),(73,'m','1993-02-17',73,'2011-07-31 03:14:35',NULL),(74,'m','2000-05-25',74,'1987-06-20 03:13:22',NULL),(75,'f','2013-01-31',75,'1987-10-08 11:42:56',NULL),(76,'f','1985-01-16',76,'1987-05-28 19:33:53',NULL),(77,'f','1989-05-13',77,'1982-12-16 17:52:30',NULL),(78,'m','1989-10-01',78,'1985-01-22 21:14:10',NULL),(79,'f','1979-05-10',79,'1994-12-20 16:02:42',NULL),(80,'m','1999-05-05',80,'1986-12-12 08:49:52',NULL),(81,'m','1974-04-30',81,'1991-04-18 14:15:54',NULL),(82,'m','2006-11-19',82,'1993-01-08 19:43:35',NULL),(83,'f','2013-06-24',83,'1979-08-20 23:43:51',NULL),(84,'m','2018-02-09',84,'2022-01-29 21:00:29',NULL),(85,'m','1998-11-04',85,'2013-02-24 17:32:59',NULL),(86,'m','1997-09-10',86,'1972-11-18 09:22:09',NULL),(87,'m','1990-04-26',87,'1971-06-14 09:30:17',NULL),(88,'m','1980-06-05',88,'1980-07-29 11:47:49',NULL),(89,'f','2020-01-11',89,'1994-04-04 01:16:32',NULL),(90,'f','2010-07-30',90,'1996-03-18 04:09:02',NULL),(91,'f','1981-06-21',91,'2018-05-28 04:58:59',NULL),(92,'m','2016-01-03',92,'1998-12-30 07:12:36',NULL),(93,'m','1981-02-25',93,'2010-09-15 03:40:26',NULL),(94,'m','1984-10-13',94,'2012-12-12 06:37:07',NULL),(95,'f','1995-06-03',95,'1993-04-26 03:14:16',NULL),(96,'m','1985-10-04',96,'2008-01-28 00:19:54',NULL),(97,'m','1975-05-26',97,'2005-04-30 19:25:02',NULL),(98,'f','2007-04-07',98,'1977-01-07 09:48:55',NULL),(99,'f','1975-06-17',99,'1976-07-02 09:38:20',NULL),(100,'m','2015-08-26',100,'1973-03-03 07:31:50',NULL);
/*!40000 ALTER TABLE `profiles` ENABLE KEYS */;
UNLOCK TABLES;

--
-- Table structure for table `users`
--

DROP TABLE IF EXISTS `users`;
/*!40101 SET @saved_cs_client     = @@character_set_client */;
/*!40101 SET character_set_client = utf8 */;
CREATE TABLE `users` (
  `id` bigint(20) unsigned NOT NULL AUTO_INCREMENT,
  `firstname` varchar(100) COLLATE utf8mb4_unicode_ci DEFAULT NULL,
  `lastname` varchar(100) COLLATE utf8mb4_unicode_ci DEFAULT NULL COMMENT 'Фамилия',
  `email` varchar(100) COLLATE utf8mb4_unicode_ci DEFAULT NULL,
  `password_hash` varchar(100) COLLATE utf8mb4_unicode_ci DEFAULT NULL,
  `phone` bigint(20) DEFAULT NULL,
  `is_deleted` bit(1) DEFAULT b'0',
  PRIMARY KEY (`id`),
  UNIQUE KEY `email` (`email`),
  KEY `users_firstname_lastname_idx` (`firstname`,`lastname`)
) ENGINE=InnoDB AUTO_INCREMENT=101 DEFAULT CHARSET=utf8mb4 COLLATE=utf8mb4_unicode_ci;
/*!40101 SET character_set_client = @saved_cs_client */;

--
-- Dumping data for table `users`
--

LOCK TABLES `users` WRITE;
/*!40000 ALTER TABLE `users` DISABLE KEYS */;
INSERT INTO `users` VALUES (1,'Electa','Rempel','kayley44@example.org','bcf1039243b8be67d3921e4abbf42ebbeaaa18db',9253150829,''),(2,'Terrill','Powlowski','pacocha.claudia@example.com','7196ccdabbccdfdc3c832e4a1faa82c3226f1f52',9943986690,'\0'),(3,'Beth','Rippin','marquise06@example.com','0e1cfd48e7558de248e45735ba69cea1f5e03e70',9649510628,'\0'),(4,'Jasen','Daugherty','jovanny.effertz@example.com','e608a1eff0577acaddf4bd278cd3d0fd3d68c3fe',9369026137,''),(5,'Osvaldo','Bahringer','bernardo.dibbert@example.org','20dc55f3e936793723b58f2a77b92ab28328489f',9510359507,''),(6,'Alvera','Kulas','nikolas58@example.org','584f5647a1f0be52353b2de5cae4c61e37804d00',9325184846,'\0'),(7,'Moshe','Lueilwitz','vklein@example.org','f46bfd999b3b9e543e3bfee2bd5ea3eb3d7094ab',9833627365,''),(8,'Syble','Hermiston','trantow.rhianna@example.com','ec5495980c5dbe151e340e9174a135bd1e3864b9',9242553122,''),(9,'Jeramie','Grimes','maya.price@example.com','7e0c6c4aa1d1160069c73215585bd46e1951c0c5',9287449933,'\0'),(10,'Golden','Hackett','reynolds.phoebe@example.net','d37fd8bce71fc7b1e005520f953eb393c5a6d5b7',9315787232,''),(11,'Okey','Bergstrom','klein.reymundo@example.com','a34494dfad6c1374afabd9884b4cfd60c40f11bb',9620948144,'\0'),(12,'Doug','Witting','ccole@example.org','f5c53bca9d5bfa278a6c28684be713f1fa95a2e2',9213595383,''),(13,'Tyshawn','Ritchie','german51@example.net','41d094d0c9f2f026409edf933d97e27188c735a8',9509162961,''),(14,'Ulices','Abshire','edison82@example.org','901712aa00576a79ce5a32b3a4485913a1294a0e',9171721566,''),(15,'Everardo','Nitzsche','mark.hills@example.net','f27f468e7a9aba0642096fda11951d4eab89fccd',9491295279,''),(16,'Matt','Legros','keegan.murphy@example.com','e0264e9b9284c66dca09eef6b0ed23b0719e384f',9804320973,''),(17,'Erin','Harber','maddison.kohler@example.net','3c18151fab82bbe34ffb0f06c4363cdab5acf355',9863412467,''),(18,'Joan','Crist','monserrat16@example.com','ab411af9b440312ace9d2eb54ec0fb9537a7376f',9133752661,'\0'),(19,'Hailey','Hessel','domenica.yost@example.org','9a2d6224d1d70c6967b125653504ab99f3abe51e',9482375569,'\0'),(20,'Angelina','Wilkinson','willms.holly@example.org','ebd1aa2c4f29c66ffe1c4e80dbb4ab88190a17f1',9366978660,''),(21,'Ken','Grimes','huels.francisca@example.net','c8cca6870c10d61b8fed76ee643234bd995873db',9021759239,'\0'),(22,'Georgiana','Adams','ziemann.elliot@example.org','34849dfa39a57a65fdf319cb045c007576dcb3db',9717877101,''),(23,'Duane','Breitenberg','chloe76@example.com','47e5c07b6bbd432f6ff0cbb8c5a9675847638083',9142775008,'\0'),(24,'Sydney','Kuhlman','freichert@example.net','6842d0f089956274ad142bb09f8b18ad9a053d7f',9284015293,'\0'),(25,'Susanna','Hudson','lang.moses@example.org','16c2975fa806bcb7b699d20bfc0f63214704c855',9627987549,'\0'),(26,'Carlotta','Weissnat','rnicolas@example.net','e0b4a2a1e12a36cb09d3d850adcba6f38c68fd02',9436253906,''),(27,'Joyce','Rau','graham.brown@example.net','957d53ca362749bbf8edc0bab868d1427d936bdd',9601289012,'\0'),(28,'Aylin','Turner','stanton.kamryn@example.org','ab5a83bdd8eb7aabb03bba5158f0c78bf972ee40',9984706728,'\0'),(29,'Lessie','Runolfsdottir','arne.beatty@example.com','0bb1f84bc0e48de4ce9e939cc5b5fab1c2b0dbe7',9196865603,''),(30,'Keaton','Koelpin','lucienne77@example.net','14c39979c404a051614a02536fcf9eaa5c3964bc',9362566536,''),(31,'Arlene','Pouros','chermann@example.net','ec03dfb6778fc8a6632d0a4d90037106c0189b6d',9275558428,'\0'),(32,'Caleb','Mitchell','ceasar.haag@example.net','253fc729f08c3e414a3ef74b6c45bea427a9abe8',9528306178,'\0'),(33,'Winfield','Hermiston','ceasar78@example.net','a43f4f3eaef970f9f79ae6c075f26787f3d5967f',9521830473,''),(34,'Judson','Marks','lysanne.greenfelder@example.com','30b410f9964310d84ffa4184fd6501bc1b9a414e',9562428522,''),(35,'Veronica','Metz','ledner.lorine@example.org','9ef5d7a127ff04c62d458d8e09ef87cab0965578',9901519038,''),(36,'Helena','Harris','julianne.bradtke@example.net','677e3aa7e319fba1d59ebe654ad0135cccaf66ad',9264902376,''),(37,'Arden','Stanton','johathan.keebler@example.net','16530e7ae70bb8f3846a424b045b7553f8b70cb9',9857831642,''),(38,'Dudley','Champlin','bheathcote@example.com','2d96f4cd2825416c9957f8f989a7244e03aac2e2',9928559139,''),(39,'Daren','Ortiz','lauren.borer@example.net','45118b63191bd1ea96d2c597afb6ec1b7bd82aa8',9958216095,''),(40,'Mina','Cormier','jeanie.o\'connell@example.net','c6eee68e3aee43448fc9eed8b109d3b0aab25cb2',9876321029,''),(41,'Brayan','Smith','mossie.hoeger@example.com','9471975cfad401d9c1e318d640eb3804c60ed113',9974388587,''),(42,'Cornell','Feest','thora52@example.org','eacda5407bc34146ccba23ee245aaa398350fef7',9453875615,'\0'),(43,'Jovani','Reynolds','effertz.america@example.com','65eb54e2b2e38defbdeaca11810221bc58b5c20d',9409898358,''),(44,'Clemmie','Schaden','sabrina.collier@example.org','d44a9563fb007330631d8de7b5d60d00fcdd9fb0',9960778830,''),(45,'Santina','Schoen','hudson.leanna@example.net','dba155828c079254eb54f97ef8f90aa4ce1a058a',9099610936,''),(46,'Timmy','Reynolds','tabitha55@example.com','d95b4554f91151b414eb48ca65ffe35e8bb8b020',9400240624,''),(47,'Jaylan','Nitzsche','white.aimee@example.org','0ef68b105a9023bc875601b716f057e8126972b3',9448476616,'\0'),(48,'Aniya','Breitenberg','zullrich@example.com','fe8ec48c9fd9d26053699828d0811f9a828631dd',9500397439,''),(49,'Jaquelin','Koepp','tremaine70@example.org','8339a89dba34caf05b17dcccaed63bbb2f28f333',9504179845,''),(50,'Daren','Robel','cronin.camden@example.net','6c2acfe1138f694e64bce97e80d1d613e27979af',9784922999,''),(51,'Jeffry','Schmidt','oberbrunner.christian@example.net','612e2710a7aac1b81ed0824a1067cb67771e7c49',9236645220,'\0'),(52,'Hailey','Heller','yasmin38@example.com','5673bfd23d0d7a46976630c6a4b1af96474d39e2',9692577160,'\0'),(53,'Merl','Anderson','heidenreich.yvette@example.net','e2a588222f9d00e960af3f8ee69b72ef2e3366f4',9332486271,''),(54,'Dorothea','Hodkiewicz','amaggio@example.net','ca450945fafb58e5f8d36c83974ff8a835d9000b',9252403389,''),(55,'Nicklaus','Nikolaus','florencio57@example.net','1ed6f6c25b9b5b024c61e79f4c4deec74b12e98a',9760792707,'\0'),(56,'Abby','Morar','rschuster@example.org','5cc96c9c0398cc307a3eba4052b6dd644f1eb61b',9355017234,''),(57,'Reuben','Gleichner','dare.sylvester@example.com','a45e02bc9b37ab08669c851f259da05d81b73247',9690254592,''),(58,'Kristina','Keebler','amara.keebler@example.com','20561d6b12e78aa10e06847544924bcb85a59f5a',9301680062,''),(59,'Sienna','Gusikowski','aglae70@example.net','713184a95339cb1fcfb94d2d16ec805308701c4a',9884942196,'\0'),(60,'Janick','Prohaska','uvonrueden@example.net','b9ae3bc9d5f35e4efba1b8bbb5643f68361efc5f',9661791163,'\0'),(61,'Melisa','Huel','predovic.barry@example.com','1fb43b0c3acbcc99d40ca09a664d37894dfc4913',9976799347,''),(62,'Carolyn','Effertz','elinore.rice@example.net','46205ae010e6975a32d88c3ae2ff172dead074f9',9699958494,''),(63,'Jessica','Ward','efrain.jakubowski@example.org','6a061a21ab6b91927be4af21cd96fc598df064b4',9889244033,'\0'),(64,'Claudine','Koch','mwilkinson@example.com','b1cd68ff3fa6197526091a64b72bf31a5fc3b946',9572488791,'\0'),(65,'Veda','Kohler','knicolas@example.com','46c4012776545d1e18b8eea7a1e762c1bdf3e710',9311475459,''),(66,'Antonia','Goldner','afarrell@example.com','87f6f0e9f90f834c5703fc7eb2b6048475380faf',9373815701,''),(67,'Velma','Abernathy','hayes.lavon@example.org','ed46b237c8697fcef2f6e9f59984c9f487c56995',9525321697,''),(68,'Duncan','Nikolaus','cormier.roderick@example.com','f092df3c887219dd774e1d9bf52a0628b71fc65e',9190582132,''),(69,'Luciano','Farrell','dallas39@example.com','b4f3c2f9056d582a8b967f4e5cf42d231f97e0d1',9940601418,'\0'),(70,'Dario','Grant','dickens.ellie@example.org','68bcd84eac74d2bab358e489208e527a782454b4',9522147099,''),(71,'Raegan','Reynolds','lkshlerin@example.com','fb311fc447c10daf1c81d6e6043fde62f7789784',9061237366,''),(72,'Norene','Medhurst','gaston.rowe@example.org','8a892227f49d054c0fc1c6c473c95f6376b0ca41',9421721390,'\0'),(73,'Mariela','Zemlak','genesis43@example.com','6c3bba18fa8c86026255b9712877ac4071388414',9454460609,''),(74,'Alexandrea','Watsica','ariel.stiedemann@example.net','c29984c11722d31be2f26e53b2e11e10466fcada',9505591143,'\0'),(75,'Elise','Vandervort','grimes.keven@example.org','76ab9f0c219aea4d925b174dac4fc20ee55104a9',9692648482,''),(76,'Wyman','Brown','thora29@example.net','11e8b26a80adc6196782f39f19fbc1ad7443f7a4',9154133962,''),(77,'Aracely','Auer','shanahan.shawn@example.net','b13bc0c4276c9e793fa947f8541e867513b6d121',9387467380,''),(78,'Lilian','Robel','armando.tillman@example.net','f74ec727717df91cfae8056be783f31ef54aa9a4',9937665330,'\0'),(79,'Micah','Breitenberg','elta17@example.org','cba11672f9248540baf70e779658220052d695a8',9446093436,''),(80,'Marjolaine','Reinger','wilson08@example.org','295804a3fe6afe9c63e225b77c7ff04dba5dd668',9230155971,''),(81,'Orion','Dickinson','lehner.maddison@example.net','565d2357ba5e72ba29d5122c69f81e3b22bea1d4',9157866268,'\0'),(82,'Derick','Nader','zward@example.com','b9681ecd20ac3a57e6680c02bddf39988d9a4a93',9379098330,'\0'),(83,'Jovanny','Wehner','valentina45@example.com','40de49a593e31ee0bce9bb7b1de1bd05e45564b3',9023368814,''),(84,'Krista','Schmidt','robert45@example.net','53130cb532fc697072d6ce363cc98fb9934df1b0',9670297671,''),(85,'Kelsi','Smith','linnie.braun@example.com','4472a99c45168717d0ab011818988391adc662bc',9673681215,''),(86,'Stefanie','Ferry','welch.tad@example.net','f21debee6fc3e1b818299bb4231827e9a3d4db68',9643943103,'\0'),(87,'Caesar','Muller','dubuque.michale@example.org','eeea29674237cc687d183befae129022d9b13dcd',9788690843,''),(88,'Reta','Russel','nicolas.uriel@example.org','f349dfc218566e82132bb16975bbe23de4dc4757',9880667839,'\0'),(89,'Rosalind','Mills','breanna.schumm@example.org','3026bfd4ad5c01f6b75cd19c6f66b78390cc3e30',9416178518,'\0'),(90,'Brennan','Schuppe','fschoen@example.net','8dff356a85695ef48d4dc89e0195cb75366aa57e',9999434958,''),(91,'Ola','Jacobs','cruz.mills@example.org','eb9e1e064d4029c5682e897a01d82381b581014b',9985925597,'\0'),(92,'Elenora','Reichert','carmel70@example.org','c29c767cae74cdccedc93ef776c0f61a799c2d5b',9320378947,''),(93,'Concepcion','King','kelley.ebert@example.com','a8c68dfe2354c31dbbe6262520bd81975fce0784',9112271086,''),(94,'Otha','Boyer','alexandra.breitenberg@example.net','9e5471327247bce1fef3337aa606d2e7a233cf06',9741270038,''),(95,'Stephen','Zboncak','kadin.jones@example.net','a44ff0434371e4d8eb97d3078bba737f4245d9d8',9498306931,'\0'),(96,'Thalia','Keeling','zkuvalis@example.net','93a8b21b47d4fc4058cd064c34ac42deb6f0b101',9424416051,''),(97,'Royce','O\'Conner','ijohnston@example.com','9d7ac4b5fff6e7877ba016cec0b7d221f2f5097f',9898668172,''),(98,'Penelope','Heaney','isai12@example.com','51f58f8ccc2a1fb61f3aa35c041947770cc37217',9331915842,'\0'),(99,'Emiliano','Connelly','carmela85@example.org','553951b1504ab65f688aa91877732a61c102a0dc',9144090408,'\0'),(100,'Ariane','Reinger','reichert.nigel@example.com','028016139e5fc80c1c567b4dedecdeba19c9a941',9921269302,'\0');
/*!40000 ALTER TABLE `users` ENABLE KEYS */;
UNLOCK TABLES;

--
-- Table structure for table `users_communities`
--

DROP TABLE IF EXISTS `users_communities`;
/*!40101 SET @saved_cs_client     = @@character_set_client */;
/*!40101 SET character_set_client = utf8 */;
CREATE TABLE `users_communities` (
  `user_id` bigint(20) unsigned NOT NULL,
  `community_id` bigint(20) unsigned NOT NULL,
  PRIMARY KEY (`user_id`,`community_id`),
  KEY `community_id` (`community_id`),
  CONSTRAINT `users_communities_ibfk_1` FOREIGN KEY (`user_id`) REFERENCES `users` (`id`) ON DELETE CASCADE ON UPDATE CASCADE,
  CONSTRAINT `users_communities_ibfk_2` FOREIGN KEY (`community_id`) REFERENCES `communities` (`id`) ON DELETE CASCADE ON UPDATE CASCADE
) ENGINE=InnoDB DEFAULT CHARSET=utf8mb4 COLLATE=utf8mb4_unicode_ci;
/*!40101 SET character_set_client = @saved_cs_client */;

--
-- Dumping data for table `users_communities`
--

LOCK TABLES `users_communities` WRITE;
/*!40000 ALTER TABLE `users_communities` DISABLE KEYS */;
INSERT INTO `users_communities` VALUES (1,41),(2,79),(2,96),(4,73),(4,97),(6,32),(7,94),(8,95),(9,9),(9,19),(9,59),(10,48),(11,49),(11,82),(12,77),(12,92),(12,99),(13,24),(14,29),(14,43),(16,28),(16,76),(18,35),(23,46),(24,49),(24,54),(25,23),(25,60),(25,81),(26,23),(28,6),(28,15),(28,33),(28,87),(29,30),(29,40),(30,13),(31,6),(35,43),(36,39),(37,62),(38,40),(39,5),(39,11),(40,24),(40,31),(41,51),(42,19),(42,62),(43,8),(44,40),(44,80),(46,3),(47,51),(47,83),(52,17),(52,70),(54,59),(54,80),(57,58),(63,4),(63,21),(63,87),(63,99),(65,35),(65,89),(67,91),(68,70),(68,71),(68,73),(71,8),(71,30),(77,33),(78,9),(79,28),(80,4),(80,83),(81,44),(81,61),(81,72),(82,76),(83,65),(84,23),(84,79),(85,8),(85,24),(85,77),(88,2),(89,4),(91,19),(91,96),(93,46),(93,80),(96,18),(96,93),(97,56),(98,58),(99,30),(100,9);
/*!40000 ALTER TABLE `users_communities` ENABLE KEYS */;
UNLOCK TABLES;
/*!40103 SET TIME_ZONE=@OLD_TIME_ZONE */;

/*!40101 SET SQL_MODE=@OLD_SQL_MODE */;
/*!40014 SET FOREIGN_KEY_CHECKS=@OLD_FOREIGN_KEY_CHECKS */;
/*!40014 SET UNIQUE_CHECKS=@OLD_UNIQUE_CHECKS */;
/*!40101 SET CHARACTER_SET_CLIENT=@OLD_CHARACTER_SET_CLIENT */;
/*!40101 SET CHARACTER_SET_RESULTS=@OLD_CHARACTER_SET_RESULTS */;
/*!40101 SET COLLATION_CONNECTION=@OLD_COLLATION_CONNECTION */;
/*!40111 SET SQL_NOTES=@OLD_SQL_NOTES */;

-- Dump completed on 2022-05-03  3:59:23

